idx,ch,sisdr_in,snr_in,sir_in,sar_in,sisdr,snr,sir,sar,sisdr_impr,snr_impr,sir_impr,sar_impr
0,0,15.0692215,15.079519,15.842386,23.05687,5.6650977,3.1106133,14.054252,6.512435,-9.404123,-11.968906,-1.7881346,-16.544434
0,1,0.8273545,0.8976152,4.12109,4.9928565,-2.4093623,0.8404597,17.583458,-2.2905352,-3.2367167,-0.05715549,13.462368,-7.283392
0,2,-1.33901,-1.2825391,6.3123584,0.3916021,-0.8169004,2.3348339,21.11353,-0.75548744,0.5221096,3.617373,14.80117,-1.1470895
1,0,7.0999365,7.105141,7.2332535,23.04757,5.62307,4.6125546,38.993217,5.625615,-1.4768667,-2.4925866,31.759964,-17.421955
1,1,11.122483,11.114226,13.959951,14.483868,19.62856,2.9055383,37.080875,19.708204,8.506076,-8.208688,23.120924,5.2243366
1,2,-5.3347406,-5.5180435,-2.5381434,2.3625405,2.3530242,1.9962789,21.672098,2.4335737,7.687765,7.5143223,24.210241,0.07103324
2,0,9.992947,9.993915,10.968295,17.292038,6.7192907,3.5780087,32.917477,6.7319417,-3.273656,-6.415906,21.94918,-10.560097
2,1,3.0726042,3.0552557,5.9434443,7.2116303,11.724764,2.6065388,29.108593,11.81015,8.65216,-0.44871688,23.16515,4.59852
2,2,3.4899507,3.4902718,10.530329,4.8147745,6.2713294,3.4401622,24.71225,6.348614,2.7813787,-0.050109625,14.181921,1.5338397
3,0,7.752817,7.739759,9.311882,13.439445,4.0068455,2.558482,16.204536,4.37974,-3.7459717,-5.1812773,6.8926544,-9.059704
3,1,1.3255948,1.2165891,2.7608328,8.677739,-35.637596,-0.0019377382,-27.932673,-6.8906446,-36.963192,-1.2185268,-30.693504,-15.568384
3,2,8.211082,8.1366005,9.950836,13.443357,6.797929,3.305357,19.120333,7.1129603,-1.4131536,-4.8312435,9.169497,-6.330397
4,0,6.8088837,6.8031216,7.601483,15.282116,3.129716,3.0841997,17.234295,3.3832006,-3.6791677,-3.718922,9.6328125,-11.898915
4,1,9.420161,9.390867,12.4901495,12.609711,8.37594,2.2855365,19.789122,8.746861,-1.0442209,-7.1053305,7.298972,-3.8628492
4,2,-0.5623352,-0.74958867,2.566242,4.2468576,-1.614739,2.033695,18.765282,-1.5174328,-1.0524037,2.7832837,16.19904,-5.7642903
5,0,9.206669,9.221314,10.191353,16.531473,5.3143697,2.4920526,29.182198,5.337468,-3.8922992,-6.729262,18.990845,-11.194005
5,1,3.8876872,3.8647733,5.5732574,9.875953,10.957294,2.2713897,27.772068,11.055928,7.0696073,-1.5933836,22.19881,1.1799755
5,2,3.1845214,3.1813369,6.609232,6.6741133,6.5903068,2.8733335,23.171219,6.7076774,3.4057853,-0.30800343,16.561987,0.03356409
6,0,9.680358,9.717644,10.176409,19.7468,8.593942,1.3356345,17.447355,9.277295,-1.0864162,-8.3820095,7.2709465,-10.469504
6,1,0.42599705,0.5189896,0.8574153,13.271518,-12.001133,0.20219469,25.630045,-11.988521,-12.42713,-0.31679493,24.772629,-25.260038
6,2,5.195363,5.168042,6.4935665,11.951266,13.185468,3.0074465,34.403515,13.219975,7.9901047,-2.1605957,27.909948,1.2687092
7,0,8.889769,8.889048,11.070168,13.25377,5.5083876,1.3491589,15.61824,6.071437,-3.381381,-7.539889,4.548073,-7.182333
7,1,-2.004562,-1.8932719,-0.40981266,6.339393,6.18366,2.9560285,28.469086,6.2155695,8.188222,4.8493004,28.878899,-0.12382364
7,2,7.1074314,7.1547337,12.065254,9.039843,5.2937074,2.3919811,17.593477,5.632228,-1.813724,-4.7627525,5.528223,-3.4076147
8,0,10.913021,10.917682,11.301671,21.898624,8.063972,2.9072723,15.948853,8.944409,-2.8490486,-8.010409,4.6471815,-12.954215
8,1,2.3707845,2.3520062,2.5358934,18.578098,0.09011809,1.7963016,17.924818,0.23168908,-2.2806664,-0.5557046,15.388925,-18.346409
8,2,4.3192825,4.3343306,4.6992702,16.355532,5.0486584,2.8684597,17.313894,5.394287,0.72937584,-1.4658709,12.614624,-10.961245
9,0,8.555826,8.544678,12.31192,11.177655,6.2770324,2.3246253,18.203184,6.6302924,-2.2787938,-6.2200527,5.891264,-4.547363
9,1,1.7207993,1.6769371,4.711439,6.0152597,4.236998,2.2674792,19.33833,4.4235687,2.5161986,0.5905421,14.62689,-1.591691
9,2,6.0934587,6.0278745,9.007352,9.716496,4.6269546,2.7755117,17.772856,4.9146256,-1.4665041,-3.2523627,8.765504,-4.801871
10,0,8.958389,8.945634,9.232474,21.583311,11.5062895,3.0022402,34.24292,11.531114,2.5479002,-5.9433937,25.010445,-10.052197
10,1,7.4623775,7.472368,7.8747673,18.547928,16.463144,2.8417482,29.636509,16.682209,9.000767,-4.6306195,21.761742,-1.8657188
10,2,-0.8457088,-0.8358437,-0.41316396,12.608107,5.0621266,3.4074256,29.21962,5.0840244,5.9078355,4.2432694,29.632784,-7.524082
11,0,2.7372005,2.7378144,3.0552187,15.994564,3.7806153,3.7822413,29.935596,3.7955592,1.0434148,1.0444269,26.880379,-12.199005
11,1,11.028042,11.021776,16.294487,12.661783,14.639677,2.6163638,26.67142,14.929932,3.6116352,-8.405413,10.376932,2.2681484
11,2,2.1552753,2.1346362,4.1176944,7.971744,-2.2951224,1.5657198,22.966795,-2.2602963,-4.4503975,-0.5689163,18.8491,-10.23204
12,0,10.448111,10.418482,13.046689,14.12346,7.891893,2.198424,20.627064,8.16706,-2.5562177,-8.2200575,7.5803747,-5.9564
12,1,0.25826764,0.08150886,1.9631135,7.282568,5.532741,2.1892724,24.123814,5.610006,5.274473,2.1077635,22.1607,-1.6725621
12,2,4.3320017,4.3463335,7.086957,8.38936,6.8102856,3.0277202,25.3257,6.88457,2.478284,-1.3186133,18.238743,-1.5047903
13,0,12.167816,12.163742,13.092413,19.548265,3.804916,2.7870326,23.50321,3.8710623,-8.3629,-9.376709,10.410797,-15.677203
13,1,3.6687996,3.6439867,7.2044554,6.967242,4.5110707,2.5656245,30.59369,4.525576,0.8422711,-1.0783622,23.389236,-2.4416656
13,2,-2.1236558,-2.1387198,4.0374904,0.52463984,4.3094373,2.2824545,25.375366,4.3561273,6.433093,4.421174,21.337875,3.8314874
14,0,11.061092,11.055526,11.638175,20.399992,9.190588,3.0963469,39.932255,9.194693,-1.8705044,-7.959179,28.294079,-11.205299
14,1,4.752037,4.7550683,6.2093787,11.134577,13.158017,2.6110978,30.243399,13.247932,8.40598,-2.1439705,24.03402,2.1133556
14,2,-1.3133016,-1.2910798,2.2850997,3.1954618,9.125764,3.3984895,37.28208,9.133222,10.439066,4.6895695,34.996983,5.93776
15,0,9.8223095,9.832684,11.090162,16.113367,6.1429067,1.8961174,14.824654,6.9157686,-3.6794028,-7.9365664,3.7344913,-9.197598
15,1,2.070997,2.0951447,3.6523275,8.782581,8.922699,1.6136013,24.879103,9.04841,6.8517017,-0.48154342,21.226776,0.2658291
15,2,5.742516,5.770335,8.837493,9.203205,5.220074,3.5278704,21.520592,5.3535767,-0.52244186,-2.2424648,12.683099,-3.8496284
16,0,14.284872,14.279231,15.083416,22.165565,9.284719,4.230775,34.725674,9.298607,-5.0001526,-10.048456,19.642258,-12.866959
16,1,2.0796356,2.143827,4.5177207,7.06331,7.5346355,2.9701185,23.260849,7.6728578,5.455,0.82629156,18.743128,0.6095476
16,2,-0.40838742,-0.27950066,4.104777,2.9133666,2.0576785,2.0430768,21.325165,2.1412857,2.466066,2.3225775,17.220388,-0.7720809
17,0,11.750586,11.733675,12.480566,20.093838,7.7812743,1.5326136,13.142871,9.4802685,-3.9693112,-10.201061,0.6623049,-10.613569
17,1,1.2796754,1.2194778,2.385007,9.743043,-12.153463,-0.018205656,18.239067,-12.084835,-13.433139,-1.2376834,15.85406,-21.827877
17,2,2.677562,2.6085691,5.3342934,7.1880984,2.6731946,1.3989365,12.976049,3.311918,-0.0043673515,-1.2096326,7.641756,-3.8761804
18,0,9.645336,9.645811,9.864809,23.145039,7.7180963,4.7985897,38.7156,7.722135,-1.9272399,-4.8472214,28.85079,-15.422903
18,1,6.8443847,6.8636875,9.815055,10.325752,8.550478,0.67674905,18.504797,9.07401,1.7060933,-6.1869383,8.689742,-1.2517424
18,2,0.56862295,0.62993133,5.8031473,3.128657,-0.41802162,1.9654806,23.20195,-0.37838313,-0.98664457,1.3355492,17.398804,-3.5070403
19,0,10.658126,10.656625,11.444714,18.766598,7.5587983,3.3575175,32.669876,7.574553,-3.0993276,-7.2991076,21.225163,-11.192045
19,1,3.7309983,3.7173362,5.849275,8.869097,10.532568,2.8383088,27.501308,10.628448,6.80157,-0.87902737,21.652033,1.7593508
19,2,2.796544,2.7878711,7.0484133,5.624521,6.177861,2.0185637,18.44957,6.504829,3.3813171,-0.7693074,11.401156,0.88030815
20,0,11.865679,11.865572,13.610779,16.853792,15.296899,2.7597265,108.62497,15.296899,3.43122,-9.105845,95.01419,-1.5568933
20,1,2.9180386,2.936976,4.138571,10.442767,17.4105,2.6442993,33.99588,17.508627,14.492461,-0.2926767,29.85731,7.06586
20,2,0.84453213,0.8767501,1.7505981,10.318552,8.434551,5.1075892,45.597862,8.435508,7.590019,4.2308393,43.847263,-1.8830442
21,0,17.069914,17.073767,18.600836,22.400764,14.156591,2.4462981,29.332047,14.295598,-2.9133224,-14.627468,10.731211,-8.105166
21,1,-4.3559566,-4.201736,-3.7206593,9.563368,5.649631,1.5637853,25.441143,5.7078266,10.005588,5.765521,29.161802,-3.8555412
21,2,-1.2818772,-1.1980164,-0.5846078,10.318369,5.4467483,2.6156127,22.445948,5.5589514,6.7286253,3.8136292,23.030556,-4.7594175
22,0,11.45781,11.435662,12.084019,20.438583,10.340105,3.8082838,43.62845,10.342333,-1.1177053,-7.6273785,31.54443,-10.096251
22,1,3.0527854,3.0395756,4.226579,10.700474,9.824349,1.4695902,24.151035,10.004417,6.771564,-1.5699854,19.924456,-0.69605637
22,2,2.726623,2.678373,6.20292,6.249365,7.1202097,5.5315394,34.14128,7.1305156,4.3935866,2.8531663,27.938362,0.8811507
23,0,8.627063,8.605097,9.892813,15.022724,-1.31107,1.5106106,27.409302,-1.297356,-9.938133,-7.094486,17.516489,-16.32008
23,1,2.0894542,2.015952,4.048461,7.931346,8.692663,1.1932335,20.304413,9.043449,6.603209,-0.8227186,16.25595,1.1121035
23,2,6.517419,6.472495,9.963613,9.548863,7.67942,3.0278947,22.05332,7.8680058,1.1620011,-3.4446003,12.089707,-1.6808577
24,0,8.519798,8.527774,8.8189945,20.822441,7.419954,2.7671373,22.715244,7.5733757,-1.0998445,-5.7606363,13.89625,-13.249065
24,1,7.8541317,7.882365,9.312316,13.783703,8.422905,2.0545738,20.33424,8.752018,0.56877327,-5.827791,11.021924,-5.031685
24,2,-0.98380744,-1.0595809,0.44757462,7.324815,0.9077725,2.6180072,22.095009,0.967666,1.8915799,3.677588,21.647434,-6.3571486
25,0,4.8540916,4.873329,5.7695074,13.085915,4.4384756,3.625671,27.861824,4.465365,-0.41561604,-1.2476583,22.092316,-8.62055
25,1,10.43078,10.487638,12.413746,15.0315275,8.876045,3.5190082,22.473194,9.094519,-1.5547352,-6.9686303,10.059448,-5.937009
25,2,2.1656747,2.3215957,2.8050036,12.632442,3.0383224,3.7706409,20.998356,3.1427221,0.87264776,1.4490452,18.193352,-9.48972
26,0,12.39409,12.383854,13.385138,19.491846,11.888429,3.5139847,36.176987,11.9056835,-0.505661,-8.869869,22.79185,-7.5861626
26,1,2.0147314,2.032477,2.8416572,11.44267,5.3686547,1.2933595,19.125877,5.608243,3.3539233,-0.7391174,16.28422,-5.834427
26,2,2.2435598,2.2656658,4.4465084,7.57924,-0.5816203,2.2456858,20.851362,-0.5147289,-2.82518,-0.019979954,16.404854,-8.093968
27,0,6.5002384,6.485549,6.9762797,17.131546,10.141611,3.4629226,35.5666,10.155288,3.6413727,-3.0226264,28.59032,-6.9762583
27,1,10.50885,10.507722,12.099971,15.900814,14.46064,2.5558267,28.009804,14.663673,3.9517899,-7.951895,15.909833,-1.2371407
27,2,-2.1018808,-2.0865788,-0.8753944,7.458172,2.1412225,2.634649,30.542791,2.1513333,4.243103,4.7212276,31.418186,-5.3068385
28,0,10.351218,10.35225,11.303463,17.719341,10.726208,5.387807,30.891155,10.771756,0.3749895,-4.964443,19.587692,-6.947585
28,1,6.0687876,6.0925875,7.447161,12.442775,10.679081,2.2821195,30.933332,10.723739,4.6102934,-3.810468,23.486172,-1.7190361
28,2,3.315755,3.3585572,6.2283854,7.3542976,5.2120094,2.6071076,22.108831,5.328307,1.8962545,-0.7514496,15.8804455,-2.0259905
29,0,11.073852,11.0428505,11.298266,24.363611,7.494403,2.9353526,20.796078,7.7383666,-3.5794487,-8.107498,9.497811,-16.625244
29,1,5.4961863,5.45319,7.0011015,11.619567,2.4692776,4.0727744,22.732275,2.5334404,-3.0269086,-1.3804154,15.7311735,-9.086126
29,2,-0.9977931,-1.0358044,1.8639567,4.343883,1.3706567,2.920927,17.362116,1.5603595,2.3684497,3.9567313,15.498159,-2.7835236
30,0,9.715771,9.640115,9.80301,27.162231,13.345057,3.2761357,34.704155,13.378402,3.6292858,-6.3639793,24.901146,-13.78383
30,1,7.2262864,7.116394,7.7209864,17.583895,8.815104,0.96809393,17.873909,9.461335,1.5888171,-6.1483,10.152923,-8.12256
30,2,-2.2475653,-2.2630694,-1.3140482,8.604292,1.0330813,2.5972948,37.129498,1.0349889,3.2806466,4.860364,38.443546,-7.569303
31,0,5.8721476,5.866809,6.980725,13.138144,7.9550385,4.0965753,32.535088,7.9726143,2.082891,-1.7702336,25.554363,-5.1655293
31,1,4.6568813,4.5941687,6.3398485,10.495407,12.150154,2.3168123,27.524405,12.2856865,7.493273,-2.2773564,21.184555,1.7902794
31,2,7.5155125,7.467206,11.187651,10.270042,9.337551,2.5793364,29.63387,9.383028,1.8220387,-4.88787,18.446218,-0.8870144
32,0,9.95971,9.970251,10.423751,20.279009,9.251777,3.6698298,38.235313,9.25792,-0.7079334,-6.300421,27.811562,-11.021089
32,1,0.30464923,0.37725735,1.0861919,10.638944,7.9405456,3.1747677,31.268597,7.96402,7.635896,2.7975104,30.182405,-2.674924
32,2,6.545435,6.5732126,10.212475,9.380422,12.510427,3.3718073,29.893988,12.594934,5.9649925,-3.2014053,19.681513,3.2145128
33,0,8.683356,8.717024,9.999788,14.922772,3.8325205,3.0454159,19.44764,4.0024266,-4.850836,-5.671608,9.447851,-10.920345
33,1,3.1420474,3.1298752,6.5283785,6.678481,7.3529606,2.0988457,23.197117,7.488285,4.210913,-1.0310295,16.66874,0.80980396
33,2,6.039843,5.99652,14.048698,6.95527,5.164877,2.1002877,17.160275,5.530958,-0.87496614,-3.8962324,3.111576,-1.4243116
34,0,8.194023,8.215951,8.331529,23.852295,7.851064,3.9811344,37.659943,7.856348,-0.34295893,-4.2348166,29.328415,-15.995947
34,1,8.282434,8.302046,10.292339,12.982939,5.4260902,2.2150419,17.89541,5.7492266,-2.8563442,-6.0870037,7.603071,-7.233712
34,2,-0.35676628,-0.35534567,2.4597452,4.8086696,-2.0118473,1.2550242,21.908781,-1.9663076,-1.655081,1.6103699,19.449036,-6.774977
35,0,7.1609216,7.162512,8.875462,12.555466,4.8671384,2.3671038,18.0308,5.1497927,-2.2937832,-4.7954082,9.155338,-7.405673
35,1,6.637692,6.6419964,9.658708,10.083387,16.856834,2.702705,37.135033,16.8986,10.219143,-3.9392915,27.476326,6.8152122
35,2,4.5524406,4.556933,8.139622,7.6736665,-0.96556515,2.0670285,22.130276,-0.9177085,-5.518006,-2.4899044,13.990654,-8.591375
36,0,9.932882,9.912897,10.859719,17.43832,5.834994,0.6378022,11.211735,7.638836,-4.0978885,-9.275095,0.3520155,-9.799484
36,1,4.6444464,4.586368,5.3620534,13.926325,-6.8459024,0.7717378,42.90815,-6.8456335,-11.490349,-3.8146303,37.546097,-20.771957
36,2,3.1538591,3.1265235,4.0561743,11.860939,3.033513,3.0023954,28.275658,3.052974,-0.12034607,-0.1241281,24.219482,-8.807965
37,0,6.8356304,6.8569336,7.7764945,14.610327,3.5412016,2.308476,14.537924,4.0510597,-3.2944288,-4.5484576,6.7614293,-10.559267
37,1,7.0481133,7.0217347,8.364761,13.463751,-0.9255329,2.484746,18.254528,-0.80832666,-7.973646,-4.5369887,9.889767,-14.272078
37,2,3.0479336,3.048821,3.674253,13.317895,1.1668657,3.6315994,19.244385,1.2863857,-1.8810679,0.58277845,15.570131,-12.031509
38,0,11.740034,11.741699,13.138472,17.547785,10.914518,3.064833,27.55494,11.017305,-0.82551575,-8.676867,14.416468,-6.5304794
38,1,-0.06633832,-0.06432172,0.9357306,9.361524,8.009188,1.7777777,23.839718,8.142028,8.075526,1.8420994,22.903988,-1.2194958
38,2,3.7063336,3.6815999,5.4057198,9.702518,6.345767,2.1748755,19.95201,6.583011,2.6394334,-1.5067244,14.546289,-3.1195073
39,0,8.402025,8.415641,9.573022,15.121185,5.131972,4.524715,28.967564,5.1554704,-3.2700534,-3.890926,19.394543,-9.965715
39,1,1.3051904,1.281258,5.1630535,4.761323,9.535715,1.8565451,25.74146,9.652585,8.230525,0.5752871,20.578407,4.891262
39,2,6.659852,6.671271,22.538227,6.797656,8.49681,2.3174045,25.68499,8.592305,1.8369579,-4.3538666,3.1467628,1.7946491
40,0,10.458904,10.465782,12.4517355,15.040612,12.742661,3.049872,35.818016,12.7652445,2.2837572,-7.4159102,23.36628,-2.2753677
40,1,-0.722571,-0.778854,0.4182868,8.447104,10.405666,2.326261,24.245586,10.605173,11.128238,3.105115,23.8273,2.1580687
40,2,5.581138,5.552397,6.775364,12.599831,9.919193,3.3591797,34.724087,9.935045,4.338055,-2.193217,27.948723,-2.6647854
41,0,8.619376,8.614423,9.591704,16.048847,11.351972,2.3994222,39.399113,11.3592825,2.7325954,-6.2150006,29.807407,-4.6895647
41,1,1.4395554,1.3772144,2.0013778,12.723167,8.545465,2.8840513,42.711777,8.547364,7.1059103,1.5068369,40.7104,-4.175803
41,2,5.932984,5.9259996,6.821265,14.082232,9.34608,3.356987,24.177551,9.507814,3.413096,-2.5690126,17.356285,-4.574418
42,0,13.219928,13.222651,14.22844,20.216476,14.496993,3.3803663,36.252666,14.527107,1.2770653,-9.842284,22.024227,-5.689369
42,1,-0.7564496,-0.7840682,-0.3154658,12.566718,-8.639366,0.31051183,19.035534,-8.57805,-7.8829165,1.09458,19.351,-21.144768
42,2,2.2125964,2.2454014,3.0158439,11.696459,4.619314,1.6980635,16.162275,5.0387816,2.4067178,-0.5473379,13.146431,-6.657677
43,0,12.111235,12.117449,12.349864,25.076286,8.444101,4.005991,33.48101,8.459688,-3.6671333,-8.111458,21.131145,-16.616598
43,1,0.7332661,0.6822474,3.1994174,6.0645795,8.675482,1.3997543,23.047121,8.858649,7.942216,0.7175069,19.847704,2.7940698
43,2,3.6827455,3.6854258,8.384029,6.0673904,10.023079,3.1938195,27.360956,10.11196,6.3403335,-0.49160624,18.976927,4.04457
44,0,15.508217,15.510554,16.417643,22.843155,8.274985,4.030841,31.992676,8.296219,-7.2332315,-11.479713,15.575033,-14.546936
44,1,-0.26225424,-0.29611492,2.1878934,5.4439964,13.251052,4.2622976,46.02063,13.253456,13.513306,4.5584126,43.832737,7.8094597
44,2,-1.1287786,-1.1421322,5.317206,1.1067839,-11.327925,0.19373074,26.470478,-11.317427,-10.199146,1.3358629,21.153273,-12.424211
45,0,12.592878,12.5951185,13.894261,18.634766,9.953142,3.2329755,34.600838,9.969566,-2.6397362,-9.362143,20.706577,-8.665199
45,1,-1.2713851,-1.2789485,0.5185582,6.2011023,11.877592,2.1257372,32.09716,11.921757,13.148977,3.4046857,31.578602,5.7206545
45,2,3.3241007,3.3263066,6.6083546,6.934449,9.669715,3.2813432,29.945107,9.715063,6.3456144,-0.04496336,23.336752,2.780614
46,0,10.886659,10.851271,15.825829,12.6780615,5.7128024,0.7917622,12.619189,6.9343204,-5.1738563,-10.059508,-3.2066393,-5.743741
46,1,2.2505448,2.1529284,5.0079594,6.7207737,-9.139856,0.49904895,20.602455,-9.097606,-11.390401,-1.6538794,15.594496,-15.818379
46,2,3.701563,3.6249316,5.6324983,9.201027,-0.23632514,2.8148012,17.181404,-0.074574195,-3.9378881,-0.81013036,11.548906,-9.275601
47,0,15.337469,15.328779,16.260845,22.616568,0.6132306,2.7689738,37.104736,0.6150504,-14.724238,-12.559805,20.843891,-22.001516
47,1,-3.5895667,-3.4950554,-3.0888686,10.864195,2.8098204,1.0432564,19.820261,2.9421644,6.3993874,4.538312,22.90913,-7.9220304
47,2,0.68373513,0.63675785,1.4659791,10.8522835,8.852796,2.2851248,22.627192,9.062491,8.169061,1.6483669,21.161213,-1.7897921
48,0,9.916079,9.88623,10.223369,21.96524,7.1712065,2.5539775,22.69424,7.3179913,-2.744872,-7.332253,12.470872,-14.647249
48,1,6.0572,6.0269256,7.713394,11.725011,8.708418,3.8020496,22.458305,8.920124,2.651218,-2.224876,14.744911,-2.8048868
48,2,0.09906201,0.023156831,2.7831016,5.30011,1.9261508,2.8894818,19.228085,2.0593169,1.8270888,2.866325,16.444983,-3.240793
49,0,11.933536,11.933142,12.440623,21.752388,11.649366,3.4032946,29.763062,11.721529,-0.2841692,-8.529847,17.322437,-10.030859
49,1,2.6153781,2.6107793,3.349557,12.34787,17.444431,2.8061757,42.715893,17.457582,14.829053,0.19539642,39.366337,5.1097126
49,2,2.3904238,2.3797998,3.8774915,9.257944,7.371283,2.7745743,29.481737,7.402972,4.9808593,0.39477444,25.604246,-1.8549719
50,0,3.7642074,3.7295194,4.250305,14.901182,4.8075943,1.2473816,15.606503,5.3026586,1.0433869,-2.4821377,11.356197,-9.598524
50,1,2.8818612,2.9039483,3.6307526,12.448366,-15.458054,0.0137665775,-1.0947285,-11.703981,-18.339914,-2.8901818,-4.725481,-24.152348
50,2,10.070515,10.079523,12.490717,14.00199,2.2119062,3.321599,16.3834,2.480112,-7.8586082,-6.757924,3.892683,-11.521878
51,0,11.770024,11.7793865,12.799696,18.747707,10.10507,3.0281236,29.834763,10.156044,-1.6649542,-8.751263,17.035067,-8.591663
51,1,-2.0740087,-2.127207,-1.1399033,8.676094,7.5631514,0.75306237,26.762787,7.6248255,9.63716,2.8802695,27.90269,-1.0512686
51,2,5.2326083,5.236191,7.0592203,10.655636,8.3844595,2.6767006,20.64756,8.6876,3.1518512,-2.5594902,13.58834,-1.9680357
52,0,11.012101,11.06403,12.514259,16.58908,9.918428,2.485635,20.328117,10.372864,-1.0936728,-8.578395,7.813858,-6.216217
52,1,-3.0599551,-3.0685291,-2.4749799,10.357476,3.1907847,2.3591628,27.572767,3.214238,6.25074,5.427692,30.047747,-7.143238
52,2,5.8630133,5.963337,7.2743106,12.176877,8.220859,3.3080614,22.70839,8.401426,2.3578453,-2.6552756,15.434078,-3.7754507
53,0,9.264203,9.27832,10.538564,15.578374,5.914452,3.2444093,30.736683,5.932446,-3.349751,-6.0339108,20.19812,-9.645927
53,1,-1.3943067,-1.189821,0.6450787,5.5681286,2.2204795,2.6896453,23.970526,2.2669759,3.6147861,3.8794663,23.325447,-3.3011527
53,2,6.97802,7.0053825,13.7612295,8.179244,8.550314,2.5972776,21.092857,8.8327875,1.5722938,-4.408105,7.331628,0.6535435
54,0,9.316076,9.323565,10.460524,16.041645,8.8466215,3.1760216,22.685272,9.053211,-0.46945477,-6.147543,12.224749,-6.988434
54,1,5.8911858,5.831609,7.206563,12.47604,7.404999,3.0932984,25.178652,7.491284,1.513813,-2.7383103,17.972088,-4.984756
54,2,1.981691,1.8557618,3.744378,8.279094,1.970132,1.6655273,12.974377,2.5428212,-0.01155901,-0.19023442,9.229999,-5.736273
55,0,10.715441,10.712136,11.202093,20.779543,7.558308,3.6230688,25.337463,7.6440277,-3.1571326,-7.0890675,14.13537,-13.135515
55,1,-1.5824192,-1.4780471,0.46511647,5.4507,6.6427636,2.253562,22.751106,6.773482,8.225183,3.731609,22.28599,1.322782
55,2,5.4574966,5.4693117,8.737242,8.759247,10.734033,2.8557289,27.294762,10.839071,5.276536,-2.6135828,18.55752,2.0798244
56,0,8.055079,8.02802,8.690244,17.26849,-13.445848,0.15937713,48.144905,-13.445778,-21.500927,-7.868643,39.454662,-30.714268
56,1,5.1964064,5.2895107,6.900631,10.89004,-6.3788157,0.8659008,14.094329,-6.173726,-11.575222,-4.4236097,7.193698,-17.063766
56,2,4.6962533,4.7766,8.185232,7.8894753,5.7895927,2.6013591,17.22343,6.195097,1.0933394,-2.1752408,9.038198,-1.6943784
57,0,6.4014006,6.36483,10.475951,8.930341,3.5262873,2.7621417,19.624779,3.6813567,-2.8751132,-3.6026883,9.148828,-5.2489843
57,1,-1.9911568,-1.942833,2.7952168,1.5959911,5.8832817,2.5532508,26.325788,5.932793,7.8744383,4.4960837,23.530571,4.336802
57,2,9.616787,9.6128,13.880634,11.82967,6.103015,3.3075633,18.480124,6.423003,-3.513772,-6.3052363,4.599489,-5.4066668
58,0,15.650814,15.649504,16.80229,22.06889,8.589309,3.6422853,26.647776,8.667142,-7.0615053,-12.007218,9.845486,-13.401748
58,1,1.3078653,1.3227181,3.201419,7.5235014,-12.716422,0.013703615,19.75061,-12.668207,-14.024287,-1.3090146,16.54919,-20.191708
58,2,-3.014766,-2.9461293,2.476265,0.37285376,4.4642935,3.4939404,25.670876,4.5090647,7.479059,6.4400697,23.19461,4.136211
59,0,12.464638,12.467666,13.0618305,21.585964,10.792143,4.7505794,35.38584,10.808505,-1.6724949,-7.7170863,22.32401,-10.777459
59,1,-2.791895,-2.8786018,-1.998319,9.104208,6.3743167,2.4570673,27.182144,6.418827,9.166212,5.335669,29.180464,-2.685381
59,2,6.0705113,6.050889,10.328503,8.497796,11.460433,2.8554604,30.791973,11.515002,5.3899217,-3.1954286,20.46347,3.0172062
60,0,11.706678,11.707895,12.549268,19.477823,9.961263,3.2564535,34.217422,9.979238,-1.7454157,-8.451442,21.668156,-9.498586
60,1,3.6693585,3.667843,5.727684,8.929937,9.496801,1.5125737,22.581238,9.739599,5.827443,-2.1552694,16.853554,0.80966187
60,2,0.3031904,0.2816788,2.8192663,5.6967945,-0.11532621,2.925497,23.924156,-0.08059945,-0.41851664,2.6438184,21.104889,-5.777394
61,0,13.105309,13.102889,13.48876,24.026642,9.765168,4.158216,36.974155,9.774307,-3.3401403,-8.944674,23.485395,-14.252335
61,1,3.583373,3.5743856,3.908881,16.478851,10.502308,2.311932,26.22879,10.630408,6.918935,-1.2624536,22.31991,-5.848443
61,2,-1.1606494,-1.1562346,-0.3716968,9.835321,0.43787503,2.9303465,25.534327,0.463457,1.5985245,4.086581,25.906023,-9.371864
62,0,15.858579,15.853648,16.658863,23.69072,13.8386345,2.747385,33.90513,13.883382,-2.0199442,-13.106263,17.246265,-9.807338
62,1,-1.5753013,-1.5622329,-0.98931575,10.946445,9.384817,1.7344558,26.29845,9.484296,10.960118,3.2966886,27.287766,-1.4621496
62,2,-1.4107071,-1.4489843,-0.28653336,8.164707,-3.0360625,1.5869433,28.937271,-3.0277631,-1.6253554,3.0359275,29.223804,-11.192471
63,0,11.99675,11.999787,13.12784,18.59927,10.645925,3.7508445,25.538269,10.801157,-1.3508253,-8.248943,12.410429,-7.798113
63,1,-10.249611,-10.287385,-9.445591,7.3843265,3.4771419,2.1475337,33.213707,3.483831,13.726753,12.434918,42.659298,-3.9004955
63,2,7.477749,7.473479,10.587738,10.754262,9.284386,3.331388,28.682358,9.340439,1.8066368,-4.142091,18.09462,-1.4138231
64,0,7.258215,7.2661695,7.4185424,22.389107,7.8805733,2.7762623,22.330841,8.064624,0.6223583,-4.4899073,14.912298,-14.324483
64,1,8.665069,8.628673,9.638639,16.08499,3.717836,3.4022722,28.48358,3.7385082,-4.9472327,-5.2264004,18.84494,-12.346481
64,2,0.9255808,0.8318427,1.8385803,10.334815,-0.90758973,2.3866975,23.198263,-0.8699394,-1.8331705,1.5548549,21.359682,-11.204755
65,0,8.440198,8.437644,10.714468,12.690865,7.6240582,4.6903725,32.815422,7.639489,-0.8161397,-3.7472715,22.100954,-5.0513754
65,1,-2.5041893,-2.5808692,0.10305235,3.9095213,8.421258,2.7771358,36.72531,8.428603,10.925447,5.358005,36.622257,4.519082
65,2,10.165279,10.156164,18.546955,10.906673,9.941607,3.579206,28.996199,10.001407,-0.22367191,-6.576958,10.449244,-0.90526676
66,0,11.999567,11.998337,12.968974,19.201904,6.395705,5.175432,34.738297,6.4035296,-5.603862,-6.8229046,21.769321,-12.798374
66,1,0.5773327,0.5353105,5.2162685,3.5482538,4.9461956,-0.43728417,17.498562,5.2710304,4.368863,-0.9725947,12.282293,1.7227767
66,2,4.50974,4.4858284,24.162434,4.573666,7.5352955,2.6726794,24.951391,7.628623,3.0255556,-1.813149,0.7889576,3.054957
67,0,6.3576703,6.3600407,6.967861,15.977836,5.235738,3.5993109,23.084402,5.3288956,-1.1219325,-2.7607298,16.11654,-10.64894
67,1,3.9966664,3.9404514,5.164025,11.427546,13.648211,2.6292298,34.156643,13.688681,9.651545,-1.3112216,28.992619,2.261135
67,2,7.211435,7.201537,9.731165,11.213927,7.0803804,2.8845356,21.12418,7.288401,-0.1310544,-4.3170013,11.393015,-3.9255261
68,0,11.261698,11.267693,12.224798,18.52818,7.315697,3.7412639,33.900265,7.327011,-3.9460006,-7.5264287,21.675467,-11.201168
68,1,0.47014636,0.48878697,2.3678448,6.9658613,10.982601,2.6845088,36.913837,10.994585,10.512455,2.1957219,34.545994,4.0287237
68,2,4.653274,4.6773415,12.383003,5.6994295,10.232138,2.5782897,28.487503,10.303678,5.5788636,-2.0990517,16.1045,4.604248
69,0,14.006147,14.000259,19.677073,15.425171,10.158233,2.3871274,26.953468,10.258784,-3.8479147,-11.613132,7.276396,-5.1663866
69,1,-10.118956,-10.257771,-7.818585,2.223218,5.151599,2.4495404,27.52729,5.18447,15.270555,12.707311,35.345875,2.9612522
69,2,3.1982493,3.1777785,5.378942,8.340205,4.7033806,3.5056787,22.611988,4.7979875,1.5051312,0.32790017,17.233046,-3.5422177
70,0,8.60104,8.603593,8.921383,20.605774,6.5806513,3.806076,28.033895,6.6186676,-2.0203886,-4.797517,19.112513,-13.987106
70,1,8.2016115,8.189171,10.973769,11.797764,10.55405,1.6547844,21.45311,10.953283,2.352439,-6.5343866,10.479341,-0.8444805
70,2,-1.7260598,-1.8917742,1.0669541,4.0224757,0.006243864,1.3263749,23.430267,0.045695476,1.7323036,3.2181492,22.363314,-3.9767802
71,0,10.96797,10.964871,11.306524,22.527876,8.222031,3.3420348,21.416113,8.466567,-2.7459393,-7.6228366,10.109589,-14.061309
71,1,4.9832764,5.0102596,6.6176586,10.8752575,1.6556352,3.7941015,18.38956,1.8112303,-3.327641,-1.2161582,11.771902,-9.064027
71,2,0.5144538,0.49106795,3.2083945,5.561859,-5.0581937,1.1241369,22.130943,-5.023383,-5.5726476,0.633069,18.922548,-10.585242
72,0,9.086589,9.1164,9.742111,18.06021,6.375883,6.011526,52.09045,6.376025,-2.7107058,-3.1048737,42.34834,-11.684184
72,1,6.4211993,6.473997,7.1658807,15.209276,10.979198,1.8223399,17.333511,12.202329,4.557999,-4.651657,10.167631,-3.0069475
72,2,4.3871746,4.357291,5.875909,10.758391,4.881625,4.75441,36.890873,4.885247,0.49445057,0.39711857,31.014965,-5.873144
73,0,8.9105425,8.904038,11.909943,12.20289,5.718767,3.2117465,31.724678,5.732594,-3.1917753,-5.692292,19.814735,-6.4702964
73,1,2.6406596,2.604402,6.123062,6.173985,11.624111,2.3118737,27.701946,11.739974,8.983452,-0.2925284,21.578884,5.565989
73,2,5.268593,5.2143188,12.104162,6.5367074,6.0423098,3.1894326,24.11734,6.1272926,0.7737169,-2.0248861,12.013178,-0.40941477
74,0,15.37002,15.369963,18.58059,18.24868,6.353109,3.3681324,27.97668,6.3900113,-9.016911,-12.00183,9.396091,-11.858669
74,1,-6.8390427,-6.8350816,-2.5448103,-0.3519444,9.321113,1.7456989,28.496225,9.380081,16.160156,8.58078,31.041035,9.732025
74,2,1.7252412,1.7394024,13.066268,2.2657242,6.17389,3.4128525,26.41021,6.2251306,4.448649,1.6734501,13.343942,3.9594064
75,0,11.623836,11.619782,11.858929,24.68053,9.23122,2.9040732,26.74046,9.318167,-2.3926153,-8.71571,14.881531,-15.362364
75,1,3.782435,3.9139805,5.190875,10.50631,4.9897523,4.130782,19.057308,5.21703,1.2073174,0.21680164,13.866433,-5.2892804
75,2,-0.7917023,-0.4974299,1.9416623,4.661489,-1.4250658,1.4806129,26.213303,-1.407205,-0.6333635,1.9780428,24.27164,-6.068694
76,0,9.97178,9.972581,10.209223,23.107601,12.633209,2.8196476,43.643425,12.636841,2.6614294,-7.152933,33.434204,-10.47076
76,1,6.5555344,6.557369,7.1002126,16.615072,16.784872,2.6617289,34.05502,16.868776,10.229338,-3.8956404,26.954807,0.25370407
76,2,-1.816623,-1.84501,-0.8983402,8.86516,9.109041,3.2530406,34.8276,9.122126,10.925664,5.0980506,35.725937,0.25696564
77,0,11.298014,11.287109,15.286845,13.636918,12.165627,2.7718477,34.49637,12.192633,0.86761284,-8.515262,19.209522,-1.4442854
77,1,-0.3125237,-0.27240548,1.7422205,6.1506615,15.648427,2.6960115,38.98746,15.669156,15.960951,2.968417,37.24524,9.518495
77,2,4.488382,4.4901557,5.883899,11.094753,6.8787622,4.3103795,29.715675,6.9060555,2.3903804,-0.17977619,23.831776,-4.188698
78,0,6.2655997,6.261342,6.900448,15.737122,6.4654136,3.4079542,24.343168,6.5527396,0.19981384,-2.8533878,17.44272,-9.1843815
78,1,9.531754,9.498138,11.887311,13.58583,11.993498,2.9161785,26.588194,12.156466,2.4617443,-6.5819597,14.700883,-1.4293642
78,2,1.1687937,1.0244856,3.829807,6.0634985,-0.8408498,2.6068873,18.801306,-0.736571,-2.0096436,1.5824018,14.9714985,-6.8000693
79,0,11.095415,11.094278,11.316881,24.439938,8.664427,3.8188968,37.339233,8.671126,-2.4309883,-7.2753816,26.022352,-15.768811
79,1,4.8185387,4.8463373,6.8628716,9.886219,12.008909,2.2022028,26.290586,12.184238,7.1903706,-2.6441345,19.427715,2.2980194
79,2,0.07460855,0.037535064,4.2424173,3.559626,6.1358075,3.6907794,31.093567,6.1530724,6.061199,3.6532445,26.85115,2.5934463
80,0,9.145514,9.123169,9.478135,20.93312,10.361166,2.8205047,26.182463,10.486799,1.2156525,-6.3026643,16.704327,-10.4463215
80,1,4.824524,4.8008165,5.4549074,14.605981,5.057723,2.8746214,28.111874,5.0859785,0.23319912,-1.9261951,22.656967,-9.520002
80,2,3.5805635,3.5767078,4.7345967,11.159054,7.844391,2.2375984,20.223461,8.144119,4.2638273,-1.3391094,15.488865,-3.0149345
81,0,7.4509997,7.459352,13.090114,9.043505,5.413432,2.9334922,21.697962,5.546103,-2.0375676,-4.52586,8.607848,-3.4974017
81,1,2.9940815,3.0007472,8.722836,4.892132,9.601392,3.149218,31.54921,9.632253,6.6073103,0.14847088,22.826374,4.740121
81,2,7.1810684,7.178796,13.116942,8.665942,4.6979527,3.731094,17.91447,4.9797697,-2.4831157,-3.447702,4.7975283,-3.6861725
82,0,10.445308,10.431967,11.520903,17.329044,10.372043,2.561328,36.348244,10.384034,-0.073265076,-7.870639,24.827341,-6.94501
82,1,3.5924902,3.5688834,4.751015,11.1521225,16.650293,2.806902,37.79236,16.684532,13.057803,-0.7619815,33.041344,5.5324097
82,2,2.6004865,2.5736609,4.5217,8.380959,9.118899,3.3816156,32.328667,9.14223,6.5184126,0.8079548,27.806967,0.7612715
83,0,8.343867,8.365712,10.572816,12.672485,6.341085,2.5119545,22.116919,6.4840937,-2.0027823,-5.853758,11.544103,-6.1883917
83,1,-1.4263486,-1.4062852,1.0776187,4.662035,-29.442272,-0.0028520168,-13.948814,-15.1975975,-28.015924,1.4034332,-15.026433,-19.859632
83,2,7.1039653,7.1060925,12.109691,9.011496,6.7998905,2.2437086,18.812126,7.138836,-0.30407476,-4.862384,6.7024355,-1.8726597
84,0,15.219706,15.228715,16.319689,21.822262,15.39631,2.661271,33.555344,15.465093,0.17660427,-12.567444,17.235655,-6.357169
84,1,-3.776419,-3.850453,-3.4058955,12.136103,7.6927805,1.4450336,26.615593,7.758251,11.469199,5.2954865,30.021488,-4.3778515
84,2,0.25545636,0.26222408,0.87059677,11.644287,6.952098,2.428733,25.68013,7.0224295,6.6966414,2.1665092,24.809534,-4.6218576
85,0,13.288757,13.286449,13.71666,23.746105,11.375288,3.4402788,38.005554,11.385422,-1.9134693,-9.84617,24.288895,-12.360683
85,1,2.6636333,2.627727,4.0069127,9.867591,14.213132,2.8534272,33.626347,14.2650175,11.549499,0.22570014,29.619434,4.3974266
85,2,-1.5081031,-1.6199278,0.6789317,5.2029943,7.6382217,3.3924053,31.01559,7.66166,9.146325,5.012333,30.336658,2.4586658
86,0,11.215063,11.209618,12.421299,17.609575,7.981452,3.7248275,29.028723,8.021139,-3.233611,-7.48479,16.607424,-9.588436
86,1,2.3712049,2.3589847,4.737707,7.395416,12.549114,2.1125045,28.254135,12.673956,10.17791,-0.24648023,23.516428,5.27854
86,2,2.6770787,2.6715038,8.309765,4.6616974,6.716521,3.3597221,29.018972,6.747592,4.039442,0.68821836,20.709208,2.0858946
87,0,7.234309,7.240799,7.971469,15.942754,5.8403406,3.917211,29.228525,5.8654776,-1.3939686,-3.323588,21.257057,-10.077276
87,1,5.054249,5.0955563,8.5071,8.235898,9.293339,3.2918882,24.757732,9.433032,4.23909,-1.803668,16.250633,1.197134
87,2,5.269341,5.303263,9.775179,7.6041355,7.3457,2.7328718,21.43409,7.549609,2.0763588,-2.5703914,11.658911,-0.05452633
88,0,6.0197496,6.005869,7.449755,12.258067,2.7075763,3.3011339,27.315226,2.730683,-3.3121734,-2.704735,19.86547,-9.527384
88,1,9.072487,9.06502,13.08375,11.478283,15.020241,3.3088713,40.88893,15.031851,5.947754,-5.7561483,27.805182,3.553568
88,2,0.7324264,0.7240348,3.539108,5.5480595,3.4580312,2.7886746,18.723553,3.6470625,2.7256048,2.0646398,15.184444,-1.9009969
89,0,11.681595,11.680571,12.622284,19.018017,7.276204,3.5619702,33.272392,7.2891808,-4.4053907,-8.118601,20.650108,-11.728836
89,1,4.754842,4.7748365,7.8444576,8.347785,10.991845,2.6195316,28.645744,11.07296,6.2370033,-2.155305,20.801287,2.725175
89,2,-1.6761167,-1.5616245,3.7909749,1.290599,0.94952434,2.5415132,19.33244,1.0633605,2.625641,4.103138,15.541465,-0.22723854
90,0,7.2907124,7.2851515,8.349506,14.531832,8.241308,3.479998,28.498877,8.288564,0.95059586,-3.8051534,20.14937,-6.243268
90,1,3.821216,3.7599697,5.196574,10.631337,9.922823,1.9653953,24.745506,10.0828285,6.101607,-1.7945744,19.548931,-0.54850864
90,2,6.9762506,6.9336348,8.238524,13.565479,7.0926547,2.5715065,18.881771,7.446102,0.11640406,-4.3621283,10.643247,-6.119377
91,0,13.42414,13.417612,13.645227,26.650145,10.474095,2.249726,37.366623,10.483784,-2.9500446,-11.167886,23.721395,-16.16636
91,1,2.1200461,2.0735466,3.1989055,10.395443,13.685621,2.6835787,32.841965,13.740939,11.565575,0.6100321,29.643059,3.3454962
91,2,-2.9260697,-3.000212,-0.5443814,4.1105003,7.8596087,2.8207211,32.93736,7.875327,10.785679,5.8209333,33.48174,3.7648268
92,0,9.428954,9.391496,10.456848,16.56546,7.8426366,2.1867397,28.176897,7.88964,-1.5863175,-7.204756,17.720049,-8.67582
92,1,2.1320803,2.1329067,3.3405259,9.931471,12.399615,2.6503446,29.213284,12.496227,10.267535,0.51743793,25.872757,2.5647564
92,2,4.826681,4.810131,8.457287,7.8734345,9.722157,3.4076335,29.290407,9.775506,4.8954754,-1.4024975,20.83312,1.9020715
93,0,12.253416,12.252249,12.564155,24.096003,14.899526,3.52067,51.095238,14.9006,2.6461096,-8.731579,38.531082,-9.195402
93,1,4.6774235,4.649569,5.331681,14.33671,11.080938,1.5775448,25.029991,11.273115,6.403515,-3.0720243,19.69831,-3.0635948
93,2,-3.6234088,-3.7734725,-2.6153603,7.7258396,-7.8761406,0.6550527,44.418636,-7.875958,-4.252732,4.4285254,47.033997,-15.601797
94,0,14.705243,14.697437,15.667332,21.839306,12.10885,3.4346178,35.475334,12.130132,-2.5963936,-11.262819,19.808002,-9.709174
94,1,-9.910062,-9.959422,-9.302814,8.7191305,-3.260223,1.4800212,33.329426,-3.2572544,6.649839,11.439444,42.63224,-11.976385
94,2,2.9839911,2.9699647,4.939514,8.598274,10.227385,2.5579228,32.87117,10.253317,7.2433934,-0.4120419,27.931656,1.6550426
95,0,11.565819,11.577692,12.433767,19.226627,8.7332325,3.581176,27.32231,8.801793,-2.8325863,-7.996516,14.888542,-10.424834
95,1,-11.141619,-11.447422,-10.0025835,5.6442146,-7.750983,0.60538614,35.325893,-7.749495,3.3906355,12.052808,45.328476,-13.393709
95,2,6.949387,6.9563084,12.009327,8.838,10.374342,3.051869,25.795418,10.512229,3.424955,-3.9044394,13.786091,1.6742287
96,0,13.882356,13.88494,18.138037,15.992127,9.331378,3.6129837,20.77423,9.690833,-4.5509777,-10.271956,2.6361923,-6.3012943
96,1,0.3272333,0.3197515,1.9219689,7.605984,-21.372639,-1.3617716,-7.242548,-13.208284,-21.699871,-1.6815231,-9.164516,-20.814268
96,2,2.3809783,2.4014056,5.3709946,6.518686,-0.823085,2.2925646,16.745043,-0.6554501,-3.2040634,-0.10884094,11.374048,-7.174136
97,0,13.609275,13.563536,14.438681,21.361095,8.12533,2.8956654,21.204037,8.377313,-5.483945,-10.6678705,6.765356,-12.983783
97,1,2.2419147,2.04774,3.7470675,9.103749,3.2554448,3.3310952,30.885017,3.26649,1.01353,1.2833552,27.13795,-5.8372593
97,2,-1.5536367,-1.606051,0.8204797,4.8217115,4.955145,2.6467183,26.539267,4.9950294,6.5087814,4.2527695,25.718786,0.17331791
98,0,11.403437,11.4072895,11.522838,27.366234,14.376563,3.298411,39.297367,14.391081,2.9731264,-8.108879,27.774529,-12.975153
98,1,-2.0889494,-2.0063264,-1.8116407,14.007051,-1.1010094,-0.45297894,11.665098,-0.5786703,0.9879401,1.5533475,13.476739,-14.585722
98,2,5.5208974,5.5758004,6.60218,12.947611,1.9277121,2.6805625,28.384228,1.9438387,-3.5931854,-2.895238,21.782047,-11.003772
99,0,1.2917603,1.3596226,2.3989487,9.743633,1.349733,2.4662194,15.658854,1.6302388,0.05797267,1.1065968,13.259905,-8.113395
99,1,9.308422,9.328539,10.240568,16.841776,5.0285397,2.746406,27.963572,5.0576277,-4.2798824,-6.582133,17.723003,-11.784148
99,2,5.9453726,5.940933,6.7523794,14.483978,-8.004691,0.59122777,19.798376,-7.952224,-13.950064,-5.3497057,13.045997,-22.436203
