idx,ch,stem,lag_in,lag_out,sisdr_in,sisnr_in,sir_in,sar_in,sisdr,sisnr,sir,sar,sisdr_impr,sisnr_impr,sir_impr,sar_impr
0,0,Vocal,0,0,20.070254255657186,20.070254255657186,20.843268878588272,27.982614597689075,9.58954976226098,9.589549762260981,20.551271591971858,9.99039845907324,-10.480704493396207,-10.480704493396205,-0.29199728661641444,-17.992216138615834
0,1,Bass,0,0,5.860490759921681,5.860490759921681,9.150747711853066,9.106163696773708,4.72406256563778,4.72406256563778,9.195148231294144,7.1367718261794755,-1.1364281942839005,-1.1364281942839005,0.044400519441078146,-1.9693918705942322
0,2,Drums,0,0,3.684798854574934,3.684798854574934,11.335931564978953,4.811265958097925,3.6416132436298017,3.6416132436298,10.746200396539296,4.933607008572941,-0.04318561094513251,-0.04318561094513429,-0.5897311684396573,0.12234105047501576
1,0,Vocal,0,0,12.103017711051312,12.103017711051312,12.236366271706551,27.54952979069469,8.298036326598098,8.298036326598098,12.661521277293994,10.507280146710743,-3.804981384453214,-3.804981384453214,0.42515500558744357,-17.04224964398395
1,1,Bass,0,0,16.118497408053667,16.118497408053667,18.955961511833397,19.36368107226856,15.834552308589107,15.834552308589107,19.99189913069791,17.981628409905642,-0.28394509946456026,-0.28394509946456026,1.0359376188645122,-1.3820526623629164
1,2,Drums,0,0,-0.4136161955204592,-0.4136161955204597,2.3830802670829736,4.801545244094719,-2.7705082789638773,-2.7705082789638773,0.8124328940101744,2.3569893206893324,-2.356892083443418,-2.3568920834434177,-1.5706473730727992,-2.444555923405386
2,0,Vocal,0,0,14.993302348731827,14.993302348731827,15.96869287902832,22.066443596944403,9.621310294916304,9.621310294916306,16.259848233924615,10.784381600831981,-5.371992053815523,-5.3719920538155215,0.2911553548962953,-11.282061996112422
2,1,Bass,0,0,8.06485518739014,8.06485518739014,10.935265391075234,11.556454151391298,8.922852864434892,8.922852864434894,12.870581797317339,11.381232665643967,0.8579976770447519,0.8579976770447537,1.935316406242105,-0.17522148574733087
2,2,Drums,0,0,8.490923792679101,8.490923792679101,15.530521530592523,9.567512475768376,5.1758578365840355,5.175857836584038,11.902677579248625,6.484803044921211,-3.315065956095066,-3.3150659560950633,-3.6278439513438983,-3.0827094308471654
3,0,Vocal,0,0,12.746780909168356,12.746780909168354,14.305845518468917,18.110441169439603,9.507974622388916,9.507974622388916,14.160188353343994,11.49314951359958,-3.2388062867794396,-3.238806286779438,-0.14565716512492344,-6.617291655840024
3,1,Bass,0,0,6.278586662353179,6.278586662353178,7.713826081649433,12.464263100741492,6.161863808366766,6.161863808366767,8.096096105283893,11.23180053162141,-0.11672285398641336,-0.11672285398641158,0.38227002363445983,-1.2324625691200826
3,2,Drums,0,0,13.179630084528096,13.179630084528096,14.919195323829475,18.131563358428682,4.862507031713278,4.862507031713277,13.782749426564163,5.63653126549985,-8.317123052814818,-8.317123052814818,-1.1364458972653129,-12.495032092928831
4,0,Vocal,0,0,11.806233707847015,11.806233707847017,12.598704514995099,19.8168590589682,5.612527885464064,5.612527885464064,11.436236036091987,7.230887053870649,-6.1937058223829515,-6.193705822382953,-1.1624684789031114,-12.585972005097549
4,1,Bass,0,0,14.407855664282502,14.407855664282502,17.477319018547284,17.436735728630058,9.86979230720846,9.86979230720846,17.562208937679156,10.75511713879523,-4.5380633570740425,-4.5380633570740425,0.0848899191318715,-6.681618589834828
4,2,Drums,0,0,4.356104967471574,4.356104967471573,7.4842345470779525,7.964890364534398,2.4732332209189876,2.473233220918989,6.14906283320527,5.850279473711971,-1.8828717465525866,-1.8828717465525844,-1.3351717138726826,-2.1146108908224264
5,0,Vocal,0,0,14.212899842231327,14.212899842231327,15.197519757198519,21.270355626696727,11.931024209715355,11.931024209715355,15.545853670225323,14.530210972887678,-2.2818756325159715,-2.2818756325159715,0.3483339130268046,-6.740144653809049
5,1,Bass,0,0,8.877869974746094,8.877869974746094,10.563364630558397,14.169591921148061,9.373756750198606,9.373756750198606,12.28276383027085,12.737214283876972,0.4958867754525116,0.4958867754525116,1.7193991997124538,-1.43237763727109
5,2,Drums,0,0,8.18343225081476,8.18343225081476,11.607849922404272,11.105700883258594,4.104389564665032,4.1043895646650315,11.488376251191655,5.278098991595047,-4.079042686149728,-4.079042686149729,-0.1194736712126172,-5.827601891663547
6,0,Vocal,0,0,14.696767254098459,14.69676725409846,15.192711640472428,24.495320501439863,13.801706554914526,13.801706554914526,15.329612606133098,19.205630281112402,-0.8950606991839329,-0.8950606991839347,0.13690096566067034,-5.289690220327461
6,1,Bass,0,0,5.467245725966727,5.467245725966726,5.8986159078496625,16.70426016106876,5.504508448212749,5.504508448212749,6.523032161387473,13.175110137959292,0.03726272224602223,0.03726272224602312,0.6244162535378104,-3.5291500231094677
6,2,Drums,0,0,10.183735732785141,10.183735732785141,11.481904515761226,16.35945558733384,7.60645200213177,7.60645200213177,12.555425397135147,9.515809097679515,-2.577283730653371,-2.577283730653371,1.0735208813739217,-6.843646489654326
7,0,Vocal,0,0,13.89309304445004,13.89309304445004,16.07377449709102,18.03577595771464,12.83764127695015,12.83764127695015,17.27314747176263,14.85728602926174,-1.055451767499891,-1.055451767499891,1.1993729746716113,-3.178489928452901
7,1,Bass,0,0,3.046597319359363,3.046597319359363,4.641646740113775,9.45198492975391,4.38463226471003,4.384632264710029,6.753884175044568,8.979281836262764,1.3380349453506666,1.3380349453506657,2.112237434930793,-0.4727030934911465
7,2,Drums,0,0,12.125263738109968,12.125263738109968,17.08303838709947,13.880007719310095,1.4209894647755064,1.4209894647755064,14.230342229049228,1.8155367698641172,-10.704274273334462,-10.704274273334462,-2.852696158050243,-12.064470949445978
8,0,Vocal,0,0,15.914983131228082,15.914983131228082,16.30360243036116,26.690994496207562,15.763409296083335,15.763409296083337,17.791780997639645,20.116179097393502,-0.1515738351447471,-0.15157383514474532,1.488178567278485,-6.57481539881406
8,1,Bass,0,0,7.3631128416715255,7.363112841671525,7.528209663177078,22.35242691094871,7.467610714637298,7.467610714637298,9.111883979378698,12.984543672973919,0.10449787296577284,0.10449787296577373,1.5836743162016198,-9.367883237974793
8,2,Drums,0,0,9.325452811289379,9.32545281128938,9.705348070820119,20.53677518361826,2.7920420192834334,2.792042019283434,8.610892949655376,4.671066362762028,-6.533410792005945,-6.533410792005947,-1.0944551211647422,-15.865708820856232
9,0,Vocal,0,0,13.551009177203737,13.551009177203737,17.307083680891303,16.005023159341583,11.407778357009047,11.407778357009049,17.357478147734447,12.760140441630872,-2.14323082019469,-2.143230820194688,0.050394466843144414,-3.244882717710711
9,1,Bass,0,0,6.701625676327541,6.701625676327541,9.692243245169427,10.174521161816623,8.01075172204564,8.010751722045642,11.278858038987279,11.089730487265614,1.3091260457180995,1.3091260457181013,1.5866147938178514,0.9152093254489913
9,2,Drums,0,0,11.065235970649319,11.065235970649317,13.979144268563076,14.34445888731055,-0.1256468348294332,-0.1256468348294332,9.832001990431372,0.766130139737803,-11.190882805478752,-11.19088280547875,-4.147142278131703,-13.578328747572748
10,0,Vocal,0,0,13.949754167397613,13.949754167397613,14.223819787029699,26.246546540362495,11.95996684675669,11.95996684675669,15.175493395195234,14.904235981399026,-1.9897873206409233,-1.9897873206409233,0.9516736081655353,-11.342310558963469
10,1,Bass,0,0,12.469992522662798,12.469992522662798,12.882430383456374,23.116905579203696,11.339874135851627,11.339874135851627,12.685702206337446,17.31128474209612,-1.130118386811171,-1.130118386811171,-0.19672817711892776,-5.8056208371075755
10,2,Drums,0,0,4.1607173408645535,4.1607173408645535,4.593121349879686,15.688671134741503,3.176840831538599,3.1768408315386005,5.131926048669682,8.745937929279005,-0.9838765093259543,-0.9838765093259529,0.5388046987899955,-6.942733205462497
11,0,Vocal,0,0,7.737254645839586,7.737254645839586,8.055245097144144,19.880385899319602,-0.6200906528383583,-0.6200906528383577,3.9697056096495356,2.6985058203896104,-8.357345298677945,-8.357345298677943,-4.085539487494609,-17.181880078929993
11,1,Bass,0,0,16.026198357008422,16.026198357008422,21.293744706666256,17.59083432174384,15.350640895720634,15.350640895720634,23.19412969075085,16.15092856339948,-0.6755574612877879,-0.6755574612877879,1.9003849840845923,-1.4399057583443629
11,2,Drums,0,0,7.145515246918876,7.145515246918878,9.107612934829385,12.043396081408169,0.9081483045922305,0.9081483045922313,7.195295877981849,2.8304172395372085,-6.237366942326646,-6.237366942326647,-1.9123170568475363,-9.21297884187096
12,0,Vocal,0,0,15.434096859020398,15.434096859020396,18.032685443835344,18.967048666895817,11.768535832716188,11.768535832716188,18.035550905435574,13.006535670260913,-3.6655610263042107,-3.665561026304209,0.002865461600229935,-5.960512996634904
12,1,Bass,0,0,5.182643586574961,5.182643586574961,6.887166037125514,10.877952134522864,6.142859204572019,6.142859204572019,8.307371054358462,10.802634286540433,0.9602156179970587,0.9602156179970587,1.4202050172329486,-0.07531784798243102
12,2,Drums,0,0,9.339737066538689,9.339737066538689,12.092866181252212,12.883667457771782,1.098524161554822,1.098524161554822,9.28883348737897,2.2966108337458966,-8.241212904983866,-8.241212904983866,-2.8040326938732427,-10.587056624025886
13,0,Vocal,0,0,17.166511899087187,17.166511899087187,18.091235254971146,24.40527995315573,7.895007524409094,7.895007524409091,18.237095994466994,8.380873864889951,-9.271504374678093,-9.271504374678095,0.14586073949584843,-16.024406088265778
13,1,Bass,0,0,8.657443295729513,8.657443295729513,12.193021458489628,11.453701353566682,9.342457911456496,9.342457911456494,13.44998630744752,11.669514297289398,0.685014615726983,0.6850146157269812,1.2569648489578924,0.21581294372271564
13,2,Drums,0,0,2.8701308924094384,2.870130892409437,9.03139564864776,4.585094670422439,1.203395227024624,1.203395227024624,7.107650989011428,3.264642146207424,-1.6667356653848144,-1.666735665384813,-1.9237446596363315,-1.320452524215015
14,0,Vocal,0,0,16.05822284958912,16.05822284958912,16.635390874933414,25.20166597820626,14.031696794592785,14.031696794592785,17.92071932022466,16.381037452938408,-2.026526054996337,-2.026526054996337,1.2853284452912455,-8.820628525267853
14,1,Bass,0,0,9.753655976629663,9.75365597662966,11.210970812255109,15.521042015879418,9.517603483284235,9.517603483284233,12.875383920812784,12.424590607797958,-0.23605249334542755,-0.23605249334542755,1.6644131085576745,-3.0964514080814602
14,2,Drums,0,0,3.698145321997679,3.698145321997679,7.297226856941531,6.932086323047214,1.869893356586375,1.869893356586375,7.045127780068453,4.224691453048304,-1.828251965411304,-1.828251965411304,-0.252099076873078,-2.70739486999891
15,0,Vocal,0,0,14.827874643482225,14.827874643482225,16.095851714010255,20.898596832792965,9.103132402795572,9.103132402795572,15.706811216235934,10.289515933162361,-5.724742240686654,-5.724742240686654,-0.3890404977743209,-10.609080899630603
15,1,Bass,0,0,7.08079683564732,7.08079683564732,8.661983656496629,12.789539152561296,7.5315102956479505,7.5315102956479505,9.732342142948955,11.9764817691296,0.45071346000063084,0.45071346000063084,1.0703584864523261,-0.8130573834316959
15,2,Drums,0,0,10.754756929331705,10.754756929331705,13.84974394780533,13.857382082941257,4.779508095674693,4.779508095674693,12.607814866340988,5.793950754329767,-5.975248833657012,-5.975248833657012,-1.2419290814643418,-8.06343132861149
16,0,Vocal,0,0,19.281605465983173,19.281605465983173,20.080000245271073,27.072784031111162,8.982279230700899,8.982279230700899,20.163751413257252,9.368037701152467,-10.299326235282274,-10.299326235282274,0.0837511679861791,-17.704746329958695
16,1,Bass,0,0,7.11040043989584,7.110400439895841,9.549747969508573,11.235084137312064,8.623298441151938,8.623298441151936,12.040234905405322,11.525143591236438,1.5128980012560982,1.5128980012560955,2.490486935896749,0.29005945392437305
16,2,Drums,0,0,4.642598734252181,4.642598734252181,9.157290631311117,7.035348840928707,2.729707262281109,2.7297072622811096,8.86321128894681,4.472583145422616,-1.9128914719710721,-1.9128914719710717,-0.29407934236430755,-2.5627656955060907
17,0,Vocal,0,0,16.746823385892537,16.746823385892537,17.47771522719417,24.923398682041864,12.800147811239244,12.800147811239242,18.08508587010481,14.392299862432234,-3.946675574653293,-3.9466755746532947,0.607370642910638,-10.53109881960963
17,1,Bass,0,0,6.2589686013573465,6.2589686013573465,7.365422111767685,13.470373875945956,7.3453653505696295,7.3453653505696295,9.197867083316789,12.432285353036685,1.086396749212283,1.086396749212283,1.832444971549104,-1.0380885229092716
17,2,Drums,0,0,7.633675096370825,7.633675096370825,10.290383488269516,11.417243494797539,4.9436776748475735,4.9436776748475735,10.407006551395067,6.774394348405593,-2.689997421523252,-2.689997421523252,0.1166230631255516,-4.642849146391946
18,0,Vocal,0,0,14.64541823313819,14.64541823313819,14.864774336867564,27.86039805296323,7.736458353241638,7.736458353241638,14.338662427327854,8.96513786136516,-6.908959879896552,-6.908959879896552,-0.5261119095397095,-18.89526019159807
18,1,Bass,0,0,11.853077098686747,11.853077098686747,14.823690258572999,15.044151288377364,12.788409086429679,12.788409086429679,17.399118747973862,14.71018767333814,0.9353319877429325,0.9353319877429325,2.5754284894008634,-0.3339636150392238
18,2,Drums,0,0,5.594349768353995,5.594349768353993,10.82886547458299,7.485698740702011,4.436595314267288,4.436595314267288,9.723287894191708,6.400856667836127,-1.1577544540867066,-1.1577544540867049,-1.105577580391282,-1.084842072865884
19,0,Vocal,0,0,15.657844578602768,15.657844578602768,16.44444716381998,23.562878786601082,9.862440137149722,9.862440137149722,17.019162067066254,10.876195443511595,-5.795404441453046,-5.795404441453046,0.5747149032462744,-12.686683343089488
19,1,Bass,0,0,8.724481964817564,8.724481964817564,10.842665853899724,13.202549864955351,8.814116784749917,8.814116784749917,11.041436254235535,13.109222943908879,0.08963481993235334,0.08963481993235334,0.1987704003358104,-0.09332692104647222
19,2,Drums,0,0,7.793329440654066,7.793329440654066,12.045441367828884,10.102120854697706,4.315179565163363,4.315179565163362,11.033860274115707,5.684235642421348,-3.478149875490703,-3.478149875490704,-1.0115810937131773,-4.417885212276357
20,0,Vocal,0,0,16.862076489502453,16.862076489502456,18.607542556515565,21.723784602249722,13.461667151404821,13.46166715140482,19.300620508667265,14.824052383794848,-3.4004093380976315,-3.400409338097637,0.6930779521517003,-6.899732218454874
20,1,Bass,0,0,7.927838444935215,7.927838444935214,9.149306520735598,14.53181678634424,8.736766914305283,8.736766914305283,10.17155172513229,14.643010429044804,0.808928469370068,0.8089284693700689,1.0222452043966914,0.11119364270056309
20,2,Drums,0,0,5.863684513588847,5.863684513588846,6.770250966100598,13.942098270797915,-2.1500381477930692,-2.1500381477930692,2.255813847086779,1.8330073260518729,-8.013722661381916,-8.013722661381916,-4.514437119013818,-12.109090944746043
21,0,Vocal,0,0,22.072473725646518,22.072473725646518,23.603704837395576,27.361953499477977,13.942693061090367,13.942693061090367,25.00022050405431,14.310921104861114,-8.12978066455615,-8.12978066455615,1.3965156666587362,-13.051032394616863
21,1,Bass,0,0,0.710976876087837,0.710976876087837,1.346052583057484,11.763449733449187,0.8244949621652459,0.8244949621652459,2.0901524454123686,8.886418043152627,0.11351808607740888,0.11351808607740888,0.7440998623548845,-2.87703169029656
21,2,Drums,0,0,3.755931279368538,3.7559312793685367,4.453106856545267,13.375402994649075,0.02941865707991507,0.02941865707991507,3.385275635129121,4.359124525320745,-3.726512622288623,-3.7265126222886216,-1.0678312214161458,-9.01627846932833
22,0,Vocal,0,0,16.448480174999748,16.448480174999748,17.074473792046085,25.25421736848481,12.95931209862896,12.95931209862896,16.989437934905368,15.230315478529581,-3.489168076370788,-3.489168076370788,-0.08503585714071704,-10.023901889955228
22,1,Bass,0,0,8.04703767118915,8.04703767118915,9.220736968655817,14.793790848677341,8.544048991426006,8.544048991426004,10.574037257216242,13.187253040582751,0.49701132023685624,0.49701132023685446,1.3533002885604244,-1.6065378080945898
22,2,Drums,0,0,7.705421187164686,7.705421187164685,11.181720842215464,10.613753343287613,5.246457864716852,5.246457864716852,10.366813977746986,7.224621057898576,-2.4589633224478336,-2.4589633224478327,-0.8149068644684778,-3.389132285389037
23,0,Vocal,0,0,13.61777547869924,13.61777547869924,14.883449251498128,19.728708212582237,10.705602471753375,10.705602471753375,16.740276811255722,12.04134110147898,-2.9121730069458653,-2.9121730069458653,1.856827559757594,-7.687367111103256
23,1,Bass,0,0,7.0576407411374955,7.057640741137494,9.01648529298837,11.971284548096573,8.71998478571846,8.71998478571846,12.302059769322959,11.473475502914237,1.6623440445809639,1.6623440445809656,3.285574476334588,-0.49780904518233626
23,2,Drums,0,0,11.497499102225241,11.497499102225241,14.943709553856214,14.248623971639276,0.265757880308983,0.265757880308983,11.40146079089594,0.9173359131445671,-11.231741221916257,-11.231741221916257,-3.5422487629602752,-13.331288058494708
24,0,Vocal,0,0,13.521586729375478,13.521586729375478,13.820790230894971,25.465048116926802,8.169359169860961,8.169359169860961,13.716182662184877,9.769655881702926,-5.3522275595145175,-5.3522275595145175,-0.1046075687100938,-15.695392235223876
24,1,Bass,0,0,12.867947242624414,12.867947242624414,14.32627701003901,18.473504840334265,11.504666697227972,11.504666697227972,14.885262330783052,14.312549952380028,-1.3632805453964423,-1.3632805453964423,0.558985320744041,-4.160954887954237
24,2,Drums,0,0,3.9837533520260355,3.9837533520260355,5.4147173215520406,10.59839146674922,3.136073392715719,3.1360733927157165,5.6578544026547215,7.741004915334509,-0.8476799593103164,-0.847679959310319,0.24313708110268095,-2.857386551414711
25,0,Vocal,0,0,9.862004705151326,9.862004705151326,10.777498954239114,17.421724386882307,9.148814603510324,9.148814603510324,11.455280950529811,13.299532953703842,-0.7131901016410023,-0.7131901016410023,0.6777819962906975,-4.122191433178465
25,1,Bass,0,0,15.457230877594405,15.457230877594405,17.440375598169123,19.893035187468154,12.665465163877343,12.665465163877341,17.172881229752758,14.647021908219575,-2.791765713717062,-2.791765713717064,-0.2674943684163651,-5.246013279248579
25,2,Drums,0,0,7.236054344515242,7.236054344515241,7.8752272539833825,16.529584678318813,-0.1270065455041333,-0.1270065455041343,5.316839416312218,2.4522799641641493,-7.3630608900193755,-7.3630608900193755,-2.558387837671164,-14.077304714154664
26,0,Vocal,0,0,17.400660611853674,17.400660611853674,18.39424258361898,24.3561978410364,15.369835527813498,15.369835527813496,19.102821683934312,17.813795545689096,-2.030825084040176,-2.0308250840401776,0.7085791003153332,-6.542402295347305
26,1,Bass,0,0,7.001806732916006,7.001806732916006,7.828731627060276,15.274646774305143,6.938260083325075,6.938260083325075,8.474511218317827,12.773972505472539,-0.06354664959093093,-0.06354664959093093,0.6457795912575515,-2.5006742688326042
26,2,Drums,0,0,7.257181159545027,7.257181159545027,9.462369410176578,11.722253996754235,4.080615226667118,4.080615226667118,8.838278507051587,6.381672703256446,-3.1765659328779092,-3.1765659328779092,-0.6240909031249906,-5.340581293497789
27,0,Vocal,0,0,11.492198640863428,11.492198640863428,11.968179540764698,21.597582396655785,9.453192035905252,9.453192035905252,11.927492943658999,13.345142907318223,-2.0390066049581765,-2.0390066049581765,-0.04068659710569911,-8.252439489337561
27,1,Bass,0,0,15.510167702475437,15.510167702475437,17.101591584238932,20.725428107624488,12.815743601955791,12.815743601955791,17.94800455350088,14.47590492019822,-2.6944241005196456,-2.6944241005196456,0.846412969261948,-6.249523187426268
27,2,Drums,0,0,2.905338224345561,2.905338224345561,4.131503638373395,10.414721487635887,-1.6911120242130242,-1.6911120242130242,2.090457603882639,2.754107590243291,-4.596450248558585,-4.596450248558585,-2.0410460344907566,-7.660613897392596
28,0,Vocal,0,0,15.351669985566598,15.351669985566598,16.30391363806092,22.510001891460014,12.785688801052451,12.785688801052451,16.73742976137969,15.11380576176836,-2.565981184514147,-2.565981184514147,0.4335161233187712,-7.3961961296916545
28,1,Bass,0,0,11.079271666714279,11.079271666714279,12.457645013726424,16.974287504252338,11.47191206638517,11.47191206638517,15.038989146497242,14.12279130356084,0.39264039967089204,0.39264039967089204,2.581344132770818,-2.851496200691498
28,2,Drums,0,0,8.33461337769877,8.33461337769877,11.247246568005941,11.75906115384871,3.465053426506434,3.4650534265064326,11.572764978379585,4.486754691340674,-4.869559951192335,-4.869559951192336,0.32551841037364326,-7.272306462508037
29,0,Vocal,0,0,16.06260684636045,16.06260684636045,16.287164481485924,29.13989473946078,10.009848794717062,10.009848794717062,16.703564960122836,11.148005116679878,-6.052758051643387,-6.052758051643387,0.41640047863691265,-17.991889622780903
29,1,Bass,0,0,10.47528630576868,10.47528630576868,11.98013874849783,16.075816614760242,9.795675003155356,9.795675003155356,12.389631021343245,13.510055184188769,-0.6796113026133241,-0.6796113026133241,0.4094922728454158,-2.5657614305714738
29,2,Drums,0,0,3.9872296496675173,3.987229649667517,6.849238539914535,7.966604123469068,2.0771493131609797,2.0771493131609797,6.948758352090213,4.587383719578327,-1.9100803365065375,-1.910080336506537,0.09951981217567774,-3.3792204038907414
30,0,Vocal,0,0,14.684242430400278,14.684242430400277,14.771488494732878,31.84057258549337,12.344839937941428,12.344839937941428,14.493118743717801,16.583386918573954,-2.3394024924588503,-2.3394024924588486,-0.2783697510150773,-15.257185666919415
30,1,Bass,0,0,12.179481068495253,12.17948106849525,12.674179289695605,22.087424735067668,11.293060780134345,11.293060780134345,13.703749048977357,15.180489871692647,-0.8864202883609078,-0.8864202883609043,1.0295697592817525,-6.906934863375021
30,2,Drums,0,0,2.7459489917406117,2.7459489917406126,3.6795003708688223,11.429927172614583,3.8186739343113247,3.8186739343113247,5.462829602534804,9.919793616015703,1.072724942570713,1.0727249425707122,1.7833292316659821,-1.5101335565988805
31,0,Vocal,0,0,10.870340588582215,10.870340588582215,11.979017175269497,17.60965884631569,9.925511727910445,9.925511727910445,12.08341685968503,14.258217373211677,-0.9448288606717696,-0.9448288606717696,0.10439968441553305,-3.3514414731040123
31,1,Bass,0,0,9.627855522885513,9.627855522885513,11.310835137931772,14.869084962874348,9.338627496946293,9.338627496946295,11.440878683269096,13.799427196409038,-0.28922802593922015,-0.28922802593921837,0.13004354533732432,-1.0696577664653102
31,2,Drums,0,0,12.495748811770964,12.495748811770962,16.16896796999583,15.034726886447356,5.639076048275843,5.639076048275843,14.319852908719305,6.4291203078006545,-6.856672763495121,-6.856672763495119,-1.8491150612765246,-8.6056065786467
32,0,Vocal,0,0,14.964568099533647,14.964568099533649,15.428569638912384,25.02983381059389,13.350443956187974,13.350443956187974,15.961848659136233,16.908698347520716,-1.6141241433456734,-1.6141241433456752,0.5332790202238495,-8.121135463073173
32,1,Bass,0,0,5.3360637629625,5.3360637629625,6.117588116444969,14.119260578445683,5.557993940703527,5.557993940703527,6.934837309395694,12.018245567108197,0.22193017774102763,0.22193017774102763,0.8172491929507251,-2.101015011337486
32,2,Drums,0,0,11.557670198118942,11.557670198118942,15.224647795320173,14.126161032726934,7.235701068460786,7.235701068460786,14.468843209289757,8.298508749201961,-4.3219691296581555,-4.3219691296581555,-0.7558045860304166,-5.827652283524973
33,0,Vocal,0,0,13.695503774675611,13.695503774675611,15.012054309980885,19.655470231363182,7.2986669735706675,7.2986669735706675,14.473112799921363,8.375129852790504,-6.396836801104944,-6.396836801104944,-0.5389415100595212,-11.280340378572678
33,1,Bass,0,0,8.13858581448699,8.138585814486992,11.522503018993264,11.100457142718197,9.132168454408248,9.132168454408248,12.562692357415536,11.993629122239373,0.9935826399212573,0.9935826399212555,1.0401893384222713,0.8931719795211759
33,2,Drums,0,0,11.023505973099466,11.023505973099466,19.02935089585271,11.825779145351758,5.155874162833251,5.155874162833252,15.49409228975332,5.698314722551247,-5.867631810266215,-5.867631810266214,-3.5352586060993882,-6.127464422800511
34,0,Vocal,0,0,13.20382531065784,13.20382531065784,13.341365471064261,28.462649030395745,7.258081301599113,7.258081301599112,13.313502430113562,8.693848176907151,-5.945744009058727,-5.9457440090587275,-0.027863040950698803,-19.768800853488592
34,1,Bass,0,0,13.290421882512673,13.290421882512673,15.299372268630213,17.730728732012913,12.33268846243418,12.33268846243418,16.646964843315576,14.434449888144762,-0.9577334200784922,-0.9577334200784922,1.347592574685363,-3.2962788438681514
34,2,Drums,0,0,4.643922281781899,4.643922281781899,7.459026445043419,8.575635295545997,4.05894250495529,4.05894250495529,7.541956718073058,7.347477843421841,-0.584979776826609,-0.584979776826609,0.08293027302963907,-1.2281574521241554
35,0,Vocal,0,0,12.161475246370268,12.161475246370268,13.87607131329117,17.2011829472345,6.516732186271619,6.51673218627162,14.276409658385386,7.472202609999716,-5.644743060098649,-5.644743060098648,0.40033834509421595,-9.728980337234784
35,1,Bass,0,0,11.63957018986249,11.63957018986249,14.660535258994223,14.785250163693124,12.719424097450664,12.719424097450664,19.176011982364138,13.884882450564614,1.0798539075881752,1.0798539075881752,4.515476723369915,-0.9003677131285102
35,2,Drums,0,0,9.554529862879912,9.554529862879912,13.141740145235577,12.261369804058756,-3.2796430728788604,-3.2796430728788613,5.795980610484621,-1.6911122818436253,-12.834172935758772,-12.834172935758772,-7.345759534750956,-13.952482085902382
36,0,Vocal,0,0,14.924322730029274,14.924322730029271,15.851173758036602,22.198703900339382,11.170138737965512,11.170138737965512,15.809372283552364,13.111090665326264,-3.754183992063762,-3.7541839920637585,-0.0418014744842381,-9.087613235013118
36,1,Bass,0,0,9.61915525246998,9.61915525246998,10.336762344284846,18.176363845282502,9.273818489383057,9.273818489383055,10.422919378514038,15.987106394154003,-0.34533676308692307,-0.34533676308692485,0.08615703422919196,-2.1892574511284995
36,2,Drums,0,0,8.141991563817447,8.141991563817447,9.04431958915276,15.919581745055368,5.150689374513275,5.150689374513275,9.057483801071648,7.926843360334272,-2.9913021893041716,-2.9913021893041716,0.013164211918887503,-7.992738384721096
37,0,Vocal,0,0,11.84570690119786,11.84570690119786,12.786544681150943,19.173145788853894,10.277641070889112,10.277641070889112,12.7613044013283,14.11144632241401,-1.568065830308747,-1.568065830308747,-0.02524027982264343,-5.061699466439885
37,1,Bass,0,0,12.035715177237247,12.035715177237247,13.352251135943279,18.05708844475798,10.716061477729601,10.716061477729601,12.729657875704941,15.247824255825268,-1.3196536995076453,-1.3196536995076453,-0.6225932602383377,-2.809264188932712
37,2,Drums,0,0,8.048618900015292,8.048618900015294,8.674983740304857,17.320150088861645,2.3189222825456115,2.3189222825456115,7.589962525981368,4.5473135193411345,-5.72969661746968,-5.729696617469682,-1.085021214323489,-12.77283656952051
38,0,Vocal,0,0,16.73756317169604,16.73756317169604,18.136086237272544,22.405423409639546,9.407111529245858,9.407111529245858,17.71815930754545,10.173178147303627,-7.33045164245018,-7.33045164245018,-0.4179269297270949,-12.232245262335919
38,1,Bass,0,0,4.935703347755616,4.935703347755616,5.938136817216528,12.780289520197357,5.3067324892228775,5.306732489222876,8.687775644596199,8.52648072282627,0.37102914146726196,0.3710291414672602,2.7496388273796706,-4.253808797371088
38,2,Drums,0,0,8.69666643996489,8.69666643996489,10.396255324306978,13.972547890930215,4.27049628586688,4.270496285866882,11.672749375362649,5.428153574619134,-4.42617015409801,-4.426170154098008,1.2764940510556713,-8.544394316311081
39,0,Vocal,0,0,13.410420770694898,13.410420770694898,14.580798512542499,19.825737198443733,5.830593140783228,5.830593140783228,13.241427704394589,6.901656216399359,-7.57982762991167,-7.57982762991167,-1.33937080814791,-12.924080982044373
39,1,Bass,0,0,6.296958895009057,6.296958895009059,10.156650200311992,8.997042722294095,7.634055510101014,7.634055510101014,11.632497773323678,10.12831981750822,1.3370966150919568,1.337096615091955,1.475847573011686,1.1312770952141253
39,2,Drums,0,0,11.660911943162116,11.660911943162116,27.550548013771635,11.781903217880137,6.873479220303793,6.873479220303793,18.672673478393847,7.228947856447626,-4.787432722858323,-4.787432722858323,-8.877874535377789,-4.5529553614325105
40,0,Vocal,0,0,15.462169449819928,15.462169449819928,17.45469709154899,19.881555888780106,12.561599609994145,12.561599609994145,17.594786386721562,14.272134838848302,-2.900569839825783,-2.900569839825783,0.1400892951725723,-5.609421049931804
40,1,Bass,0,0,4.252657579092752,4.252657579092752,5.3934726364127155,11.718256365715927,4.780699218762621,4.780699218762621,5.825546695814748,12.488786091642421,0.5280416396698691,0.5280416396698691,0.4320740594020327,0.7705297259264938
40,2,Drums,0,0,10.56851111495476,10.56851111495476,11.762749513887332,17.039061015528393,4.002616875228022,4.002616875228022,11.431632654490624,5.170111814227098,-6.565894239726737,-6.565894239726737,-0.3311168593967082,-11.868949201301294
41,0,Vocal,0,0,13.616489124809446,13.616489124809446,14.589035491047467,20.74083343116836,12.020143308748041,12.020143308748041,14.700109264363363,15.53270334050023,-1.5963458160614046,-1.5963458160614046,0.11107377331589596,-5.208130090668131
41,1,Bass,0,0,6.408986012341943,6.408986012341941,6.971024407600435,16.362088889153007,6.140085434781532,6.140085434781532,7.191960368175074,13.572364633737195,-0.2689005775604114,-0.26890057756040964,0.22093596057463927,-2.7897242554158126
41,2,Drums,0,0,10.932380833005164,10.932380833005164,11.821491944251182,18.534163136606978,7.128314435026379,7.1283144350263825,11.765863046732704,9.2376120076988,-3.8040663979787848,-3.804066397978781,-0.05562889751847777,-9.296551128908177
42,0,Vocal,0,0,18.22120580073709,18.22120580073709,19.22975910825516,25.108132403038148,11.40430500067772,11.40430500067772,19.906262827907803,12.109486347797143,-6.8169008000593685,-6.8169008000593685,0.6765037196526436,-12.998646055241005
42,1,Bass,0,0,4.2300181711197355,4.2300181711197355,4.670981934688548,15.657111452429039,4.856049447754903,4.856049447754903,6.654131957705979,10.403435255342332,0.6260312766351674,0.6260312766351674,1.9831500230174308,-5.2536761970867065
42,2,Drums,0,0,7.2279302828136025,7.227930282813602,8.031176647132995,15.587388848139934,5.2970116799405105,5.2970116799405105,9.48017295256715,7.848623298679131,-1.930918602873092,-1.9309186028730911,1.4489963054341555,-7.738765549460803
43,0,Vocal,0,0,17.11775539504517,17.117755395045165,17.356528197281612,29.91368829418378,7.129300962400244,7.129300962400244,16.552313086776266,7.751001648432474,-9.988454432644925,-9.988454432644922,-0.8042151105053463,-22.162686645751304
43,1,Bass,0,0,5.713418146950001,5.713418146950001,8.180714015620667,9.959085552015898,6.143341443622441,6.143341443622441,8.016380070299888,11.33531288685105,0.42992329667244,0.42992329667244,-0.16433394532077905,1.3762273348351517
43,2,Drums,0,0,8.677381850857026,8.677381850857026,13.377529761343343,10.669359972059052,7.347771344636631,7.347771344636632,13.345023945325899,8.801494481123203,-1.3296105062203951,-1.3296105062203942,-0.03250581601744429,-1.8678654909358485
44,0,Vocal,0,0,20.510685343672066,20.510685343672066,21.41947683754858,27.781569438198005,9.496514531695526,9.496514531695526,21.97478806872907,9.776644451556056,-11.01417081197654,-11.01417081197654,0.5553112311804895,-18.00492498664195
44,1,Bass,0,0,4.723341407797633,4.723341407797633,7.1735927063515295,9.138454827070337,5.727895028943203,5.727895028943203,7.614964692709117,10.950937385440877,1.0045536211455701,1.0045536211455701,0.4413719863575878,1.8124825583705402
44,2,Drums,0,0,3.86265848968216,3.86265848968216,10.308651960673267,5.365785921368928,2.126254532312596,2.126254532312596,7.97898692556068,4.074872364458645,-1.7364039573695638,-1.7364039573695638,-2.329665035112587,-1.290913556910283
45,0,Vocal,0,0,17.594101344433426,17.594101344433426,18.895021533520687,23.519327154198493,5.441134332066776,5.441134332066775,17.01700871607528,5.839758123291557,-12.15296701236665,-12.152967012366652,-1.8780128174454056,-17.679569030906936
45,1,Bass,0,0,3.725362070090597,3.725362070090597,5.5151775646810535,9.514339407657724,5.027789102337411,5.027789102337411,7.726304160945679,9.051398485846425,1.3024270322468139,1.3024270322468139,2.2111265962646254,-0.462940921811299
45,2,Drums,0,0,8.32473164619359,8.324731646193591,11.608987397717186,11.367276319373971,4.012323517278839,4.012323517278839,11.80236671783328,5.080139760566005,-4.3124081289147504,-4.312408128914752,0.19337932011609382,-6.287136558807966
46,0,Vocal,0,0,15.869623443040553,15.869623443040553,20.8087127623895,17.584871879788665,9.207246765668447,9.207246765668447,20.12760975346374,9.615600944353954,-6.662376677372105,-6.662376677372105,-0.6811030089257599,-7.969270935434711
46,1,Bass,0,0,7.208931382217151,7.208931382217151,9.964132197156008,10.907454759891415,8.167655574308831,8.167655574308831,10.838737119330856,11.889961067713116,0.9587241920916805,0.9587241920916805,0.8746049221748482,0.9825063078217013
46,2,Drums,0,0,8.669097124524827,8.669097124524827,10.597278367772915,13.486839500747333,-6.222490062417974,-6.222490062417974,-0.24834991226854453,-1.821255103256598,-14.8915871869428,-14.8915871869428,-10.84562828004146,-15.308094604003932
47,0,Vocal,0,0,20.3337875942824,20.3337875942824,21.257192482685987,27.543626366747105,14.527038833494345,14.527038833494345,21.66874282337103,15.488428703338181,-5.806748760788054,-5.806748760788054,0.4115503406850429,-12.055197663408924
47,1,Bass,0,0,1.451228182000377,1.451228182000377,1.9519254885952777,13.224349895131343,1.7656088752176844,1.7656088752176837,2.374538373641019,12.582025589822496,0.31438069321730744,0.3143806932173068,0.4226128850457411,-0.642324305308847
47,2,Drums,0,0,5.663382367164182,5.663382367164184,6.445629957086839,14.380394609969908,4.394102538522698,4.394102538522697,7.965696040759549,7.551048919420906,-1.2692798286414844,-1.269279828641487,1.5200660836727096,-6.829345690549002
48,0,Vocal,0,0,14.903119685784992,14.903119685784992,15.210389712712812,26.68739924604276,8.769811098047313,8.769811098047313,15.495225792354873,9.928412893767002,-6.1333085877376785,-6.1333085877376785,0.28483607964206037,-16.758986352275755
48,1,Bass,0,0,11.044212992644066,11.044212992644066,12.700328036938746,16.26009269154343,10.943313991276103,10.9433139912761,14.25941547166715,13.827826642864169,-0.10089900136796359,-0.10089900136796714,1.5590874347284043,-2.4322660486792618
48,2,Drums,0,0,5.066263655918155,5.066263655918156,7.750178256495502,9.103443701890274,4.096924087623324,4.096924087623323,8.425255319197277,6.680595843316549,-0.9693395682948305,-0.9693395682948331,0.6750770627017744,-2.422847858573725
49,0,Vocal,0,0,16.93280357308832,16.93280357308832,17.4397709943375,26.589474898247353,13.182552745023724,13.182552745023724,18.427044129703727,14.786800567880029,-3.7502508280645976,-3.7502508280645976,0.9872731353662267,-11.802674330367324
49,1,Bass,0,0,7.6143757560470435,7.6143757560470435,8.34850226526478,16.289265884110936,9.460598134069064,9.460598134069064,11.178427094866903,14.638354914266474,1.8462223780220208,1.8462223780220208,2.829924829602122,-1.6509109698444622
49,2,Drums,0,0,7.3857865901466315,7.3857865901466315,8.872753970680474,13.292290480500629,5.7931101431085805,5.7931101431085805,10.012438647068457,8.271504058476365,-1.592676447038051,-1.592676447038051,1.1396846763879829,-5.020786422024264
50,0,Vocal,0,0,8.7490761713164,8.7490761713164,9.235195375470655,18.989578690363935,7.3306580691043965,7.3306580691043965,8.789465913437136,13.316549608421724,-1.4184181022120033,-1.4184181022120033,-0.44572946203351904,-5.673029081942211
50,1,Bass,0,0,7.891787603328574,7.891787603328574,8.64047057292402,16.452296678066183,7.47878404510356,7.47878404510356,8.945138282094998,13.427944013720477,-0.41300355822501356,-0.41300355822501356,0.3046677091709782,-3.024352664345706
50,2,Drums,0,0,15.074271904511733,15.074271904511733,17.494288276383593,18.844548071433863,8.889418034153483,8.889418034153483,17.356050447712736,9.63539027818204,-6.18485387035825,-6.18485387035825,-0.13823782867085654,-9.209157793251823
51,0,Vocal,0,0,16.77421120731089,16.77421120731089,17.80389039973255,23.60112718791119,10.767919556364232,10.76791955636423,17.828021367221968,11.79062353914637,-6.006291650946659,-6.006291650946661,0.024130967489419675,-11.810503648764819
51,1,Bass,0,0,2.902560509219401,2.9025605092194002,3.8366672472741845,11.537665857231023,3.3359562012675474,3.335956201267547,4.61987562630498,10.54229630032527,0.4333956920481463,0.43339569204814676,0.7832083790307953,-0.9953695569057519
51,2,Drums,0,0,10.234197937014912,10.234197937014912,12.060819034811507,15.139040569714158,4.597224370596125,4.597224370596125,10.445448788240219,6.280892398665713,-5.636973566418787,-5.636973566418787,-1.6153702465712882,-8.858148171048445
52,0,Vocal,0,0,16.037047703920354,16.037047703920354,17.53920182681022,21.45306483689324,13.080624538147486,13.080624538147486,17.38950145917073,15.171081847897547,-2.9564231657728683,-2.9564231657728683,-0.14970036763948968,-6.2819829889956935
52,1,Bass,0,0,1.9326404889288027,1.9326404889288027,2.5174378398514845,12.861038515446769,1.5978149567188173,1.5978149567188182,2.556257293181305,10.548003740565303,-0.33482553220998534,-0.33482553220998446,0.03881945332982051,-2.3130347748814657
52,2,Drums,0,0,10.908301020710025,10.908301020710025,12.31932660401946,16.7246358897482,6.50514828486048,6.50514828486048,12.37905258122626,8.048683214020594,-4.403152735849545,-4.403152735849545,0.059725977206799286,-8.675952675727606
53,0,Vocal,0,0,14.269861867298658,14.269861867298658,15.544175885443394,20.336031653524614,8.348338108330761,8.348338108330761,14.744404504182834,9.622724455709633,-5.921523758967897,-5.921523758967897,-0.7997713812605607,-10.71330719781498
53,1,Bass,0,0,3.6969066110297186,3.6969066110297195,5.736220788262653,8.987223692869668,4.547997600391681,4.547997600391681,6.690000393371031,9.487931988146105,0.8510909893619623,0.8510909893619614,0.9537796051083784,0.5007082952764375
53,2,Drums,0,0,11.99047934747492,11.99047934747492,18.773862473825126,13.069945567462408,6.154387191987184,6.154387191987184,17.985972349934954,6.517525607001212,-5.836092155487736,-5.836092155487736,-0.7878901238901719,-6.552419960461196
54,0,Vocal,0,0,14.31822022796047,14.31822022796047,15.462647361573602,20.791573052078537,11.53289044900253,11.53289044900253,16.326532748511685,13.382659102411381,-2.7853297789579408,-2.7853297789579408,0.8638853869380831,-7.408913949667156
54,1,Bass,0,0,10.866261031179755,10.866261031179757,12.18162472665969,16.949894208718778,10.971855950331639,10.971855950331639,13.396315142335013,14.8538002825473,0.10559491915188346,0.10559491915188168,1.2146904156753227,-2.096093926171477
54,2,Drums,0,0,6.928060888635504,6.928060888635504,8.690392285733797,12.247142076709688,1.665387390819093,1.665387390819093,6.81245985974379,4.0717632882102945,-5.262673497816412,-5.262673497816412,-1.8779324259900063,-8.175378788499394
55,0,Vocal,0,0,15.712699258148756,15.712699258148756,16.19934539404303,25.562426169542498,5.2069404007374365,5.2069404007374365,14.427722905311828,5.914318396544903,-10.505758857411319,-10.505758857411319,-1.7716224887312002,-19.648107772997594
55,1,Bass,0,0,3.4639019436700353,3.4639019436700353,5.511778283761455,8.788229958205939,4.207378728680434,4.207378728680434,5.736972564696705,10.509160567118748,0.7434767850103983,0.7434767850103983,0.2251942809352503,1.7209306089128091
55,2,Drums,0,0,10.46379202104806,10.46379202104806,13.744256399303623,13.399370891387951,6.94075599665061,6.940755996650612,14.383166756134994,7.959164513394308,-3.5230360243974506,-3.523036024397449,0.6389103568313708,-5.440206377993643
56,0,Vocal,0,0,13.043345705809514,13.04334570580951,13.678571212088604,21.887949035041583,9.592294420239467,9.592294420239467,13.587328229720399,11.986476724428009,-3.4510512855700473,-3.4510512855700437,-0.09124298236820572,-9.901472310613574
56,1,Bass,0,0,10.237262828639883,10.237262828639881,11.94050090175817,15.395452241851666,9.475195666174304,9.475195666174304,11.96687090401765,13.342257169646238,-0.7620671624655788,-0.762067162465577,0.02637000225947972,-2.053195072205428
56,2,Drums,0,0,9.733143724308928,9.733143724308928,13.221632231089071,12.514782942576199,6.635362286859165,6.6353622868591655,13.002147998205265,7.987508008165789,-3.097781437449763,-3.097781437449762,-0.21948423288380603,-4.52727493441041
57,0,Vocal,0,0,11.38555724698289,11.385557246982888,15.460109902995569,13.66355453954257,6.566242192271206,6.566242192271207,15.07062715203798,7.359934062400232,-4.819315054711684,-4.819315054711681,-0.38948275095758866,-6.3036204771423385
57,1,Bass,0,0,3.0300621433516173,3.0300621433516173,7.81643404053887,5.4479111203835675,3.619253112494537,3.619253112494538,6.293442929686144,7.909759692115713,0.5891909691429196,0.5891909691429209,-1.5229911108527263,2.461848571732146
57,2,Drums,0,0,14.61504487845285,14.61504487845285,18.87888930864929,16.709612151807654,0.2740609871483837,0.27406098714838273,14.833599233598333,0.5691857654630702,-14.340983891304466,-14.340983891304466,-4.045290075050955,-16.140426386344583
58,0,Vocal,0,0,20.65053505276355,20.65053505276355,21.801930126024782,27.007706983013968,12.451664509544695,12.451664509544695,22.997500568588674,12.874342538487172,-8.198870543218856,-8.198870543218856,1.1955704425638913,-14.133364444526796
58,1,Bass,0,0,6.314395198702174,6.314395198702174,8.208010097519002,11.442825757629576,1.8078931387641006,1.807893138764101,7.154250374166811,4.072300687086381,-4.506502059938073,-4.506502059938073,-1.0537597233521918,-7.370525070543195
58,2,Drums,0,0,2.0141462997811073,2.014146299781108,7.505279384218087,4.1654304353244545,2.597586718271534,2.597586718271534,9.075195178545542,4.211359908673507,0.5834404184904267,0.5834404184904258,1.5699157943274544,0.04592947334905251
59,0,Vocal,0,0,17.465938407216985,17.465938407216985,18.063141813480485,26.445052427627086,15.988221191292467,15.988221191292467,18.557510296757364,19.549550417248586,-1.4777172159245175,-1.4777172159245175,0.49436848327687954,-6.8955020103785
59,1,Bass,0,0,2.1700511327716714,2.1700511327716714,2.96364386202369,11.7191936028721,3.2089191399918664,3.2089191399918664,4.881548532102787,9.384336539634129,1.038868007220195,1.038868007220195,1.9179046700790972,-2.334857063237971
59,2,Drums,0,0,11.062146060815863,11.062146060815863,15.320324680923358,13.229984574081982,8.112563636170071,8.112563636170071,15.145083421761507,9.201857650706804,-2.949582424645792,-2.949582424645792,-0.17524125916185085,-4.0281269233751775
60,0,Vocal,0,0,16.705563140853478,16.70556314085348,17.548372796096945,24.31641371572979,6.92352154617876,6.92352154617876,16.375661106623934,7.5453807917671565,-9.782041594674718,-9.782041594674721,-1.1727116894730116,-16.771032923962636
60,1,Bass,0,0,8.669861390792283,8.669861390792285,10.727837437784725,13.254307372726437,9.978080978811478,9.978080978811478,13.962504861272434,12.36420692963305,1.3082195880191954,1.3082195880191936,3.234667423487709,-0.8901004430933863
60,2,Drums,0,0,5.300484877062319,5.300484877062319,7.81532744187202,9.534785910120945,2.504347056336269,2.504347056336269,7.941723007567049,4.613889273863899,-2.7961378207260497,-2.7961378207260497,0.12639556569502908,-4.920896636257046
61,0,Vocal,0,0,18.09963178714262,18.099631787142624,18.48317145946785,28.89088192523552,16.01838473304312,16.01838473304312,19.85588808472035,18.37877725476059,-2.0812470540994994,-2.081247054099503,1.3727166252524974,-10.51210467047493
61,1,Bass,0,0,8.582097799696708,8.582097799696708,8.907910126908515,20.517517574069544,8.843252653888488,8.843252653888488,10.315556278005669,14.642665517854109,0.26115485419177986,0.26115485419177986,1.407646151097154,-5.874852056215435
61,2,Drums,0,0,3.8464220614647666,3.8464220614647666,4.636136278913591,12.921993347181754,2.8250479355724223,2.825047935572424,5.207297561228841,7.714233606823485,-1.0213741258923443,-1.0213741258923426,0.5711612823152494,-5.207759740358269
62,0,Vocal,0,0,20.860871486679113,20.860871486679113,21.661071876673024,28.630211327613022,13.402119897194941,13.402119897194941,23.016219609889465,13.926399584776165,-7.458751589484171,-7.458751589484171,1.355147733216441,-14.703811742836857
62,1,Bass,0,0,3.429441980658718,3.429441980658718,4.015366924052419,13.869568940166605,3.4504276992143357,3.450427699214335,4.07138700334409,13.639616901058174,0.020985718555617705,0.020985718555616817,0.05602007929167119,-0.2299520391084311
62,2,Drums,0,0,3.5685956299368087,3.568595629936808,4.692645853280145,11.257654097177372,2.113153550342279,2.113153550342279,5.588232824731517,5.7627267944635605,-1.4554420795945298,-1.4554420795945289,0.8955869714513724,-5.494927302713812
63,0,Vocal,0,0,16.996911159271924,16.996911159271924,18.128014122158106,23.459339398074434,14.558968512382693,14.558968512382693,18.58364295894979,16.80729566309351,-2.4379426468892316,-2.4379426468892316,0.4556288367916821,-6.652043734980925
63,1,Bass,0,0,-5.26564462175333,-5.26564462175333,-4.461618342616896,8.245806559655954,-4.104959495677005,-4.104959495677006,-3.0613434914044744,7.404148209983855,1.1606851260763245,1.1606851260763236,1.400274851212422,-0.8416583496720982
63,2,Drums,0,0,12.47774379815672,12.47774379815672,15.588544975387657,15.50812022540237,7.683320567828266,7.683320567828268,15.464914358806928,8.596789993690635,-4.794423230328453,-4.7944232303284515,-0.12363061658072994,-6.9113302317117355
64,0,Vocal,0,0,12.260429598457353,12.260429598457353,12.420531411813299,26.91598494134705,7.811818079666557,7.811818079666557,11.592597830144921,10.458952363769768,-4.448611518790797,-4.448611518790797,-0.8279335816683773,-16.457032577577284
64,1,Bass,0,0,13.654662435136531,13.654662435136531,14.629136561240108,20.769993527575323,12.517821307927232,12.517821307927232,15.107728879925617,16.12555793896965,-1.1368411272092995,-1.1368411272092995,0.478592318685509,-4.644435588605674
64,2,Drums,0,0,5.878746430194985,5.878746430194985,6.791906978488205,13.92511108901835,5.454698514308252,5.454698514308252,7.725690008820636,10.034000506321817,-0.4240479158867334,-0.4240479158867334,0.9337830303324308,-3.891110582696532
65,0,Vocal,0,0,13.438819112017308,13.438819112017308,15.71287528844952,17.45118647215989,8.506232014168056,8.506232014168056,14.788719456666016,9.813559889152673,-4.932587097849252,-4.932587097849252,-0.924155831783505,-7.637626583007217
65,1,Bass,0,0,2.4618866034712807,2.461886603471279,5.069133325675762,7.093309502851005,2.7788952523029797,2.77889525230298,4.6928873692073,8.528344463475918,0.317008648831699,0.3170086488317012,-0.3762459564684617,1.4350349606249129
65,2,Drums,0,0,15.161866042827892,15.161866042827889,23.544602294245603,15.861971644696029,4.686641453414907,4.686641453414907,22.95643038352572,4.773743572351002,-10.475224589412985,-10.475224589412981,-0.5881719107198826,-11.088228072345027
66,0,Vocal,0,0,17.000016004854068,17.000016004854068,17.96956062297653,24.056706380765824,8.430890035060116,8.430890035060116,17.176601405292807,9.135536875089956,-8.569125969793951,-8.569125969793951,-0.7929592176837232,-14.921169505675868
66,1,Bass,0,0,5.556331680136074,5.556331680136073,10.195195279632149,7.781502543864835,7.25682624324219,7.256826243242189,12.323720089119377,9.124289601139221,1.7004945631061164,1.7004945631061164,2.128524809487228,1.3427870572743865
66,2,Drums,0,0,9.499754230138787,9.499754230138787,29.160220747597275,9.552237228165735,5.516100582166979,5.516100582166979,18.426781882090275,5.80611630218388,-3.983653647971808,-3.983653647971808,-10.733438865507,-3.746120925981855
67,0,Vocal,0,0,11.35851763101277,11.35851763101277,11.968550281483544,20.451873203307326,6.47187106076516,6.47187106076516,11.892094708538046,8.213564617062046,-4.88664657024761,-4.88664657024761,-0.07645557294549832,-12.23830858624528
67,1,Bass,0,0,8.972633393535357,8.972633393535357,10.140091882329719,15.650099095155207,9.865509826411852,9.865509826411852,12.033154929143492,14.186070269868019,0.8928764328764949,0.8928764328764949,1.893063046813774,-1.4640288252871887
67,2,Drums,0,0,12.207248486699502,12.2072484866995,14.727062634230004,15.91440175573114,8.10678788384959,8.106787883849591,13.712870600924987,9.684524537038676,-4.100460602849912,-4.100460602849909,-1.014192033305017,-6.229877218692463
68,0,Vocal,0,0,16.264197835278406,16.264197835278406,17.227339761448402,23.359277710545875,12.899592057312535,12.899592057312535,17.11273804637177,15.052580396413873,-3.3646057779658705,-3.3646057779658705,-0.1146017150766312,-8.306697314132002
68,1,Bass,0,0,5.478978043650702,5.478978043650702,7.376687272800284,10.718544753539248,5.264388901091209,5.264388901091209,8.35286069384963,8.7902056017896,-0.21458914255949324,-0.21458914255949324,0.9761734210493458,-1.9283391517496487
68,2,Drums,0,0,9.664388220880916,9.664388220880914,17.39441651781035,10.544989186990101,5.055084776238514,5.055084776238514,16.043877587047838,5.522170695938567,-4.609303444642402,-4.6093034446424,-1.3505389307625109,-5.022818491051534
69,0,Vocal,0,0,19.003476437981618,19.003476437981618,24.674406646414408,20.390747160753342,11.80037861058431,11.80037861058431,25.25242934633825,12.014030766753676,-7.203097827397308,-7.203097827397308,0.5780226999238423,-8.376716393999667
69,1,Bass,0,0,-5.179330528513365,-5.179330528513364,-2.8790030470174606,3.364254332187347,-5.5518917316928915,-5.551891731692894,-4.044106819584642,5.261658092411815,-0.3725612031795267,-0.37256120317953023,-1.1651037725671816,1.897403760224468
69,2,Drums,0,0,8.189401311835608,8.189401311835606,10.370064910776705,12.607719907763435,-1.6374961886951758,-1.6374961886951758,5.522320558352561,0.36353055084150954,-9.826897500530784,-9.826897500530782,-4.847744352424144,-12.244189356921925
70,0,Vocal,0,0,13.601857006609606,13.601857006609606,13.92212579227435,25.256254612558514,8.253804768529603,8.253804768529603,13.7245408153588,9.883538166028327,-5.348052238080003,-5.348052238080003,-0.19758497691555021,-15.372716446530188
70,1,Bass,0,0,13.19666844395819,13.196668443958192,15.968622984906569,16.567671733700294,12.429123982082304,12.429123982082304,15.284504656005618,15.726833977266885,-0.767544461875886,-0.7675444618758878,-0.6841183289009507,-0.8408377564334089
70,2,Drums,0,0,3.202368301393381,3.2023683013933817,5.994959612517421,7.416109422455385,1.2304653507896104,1.2304653507896104,5.609561793236574,4.256043449176518,-1.9719029506037704,-1.9719029506037713,-0.3853978192808478,-3.1600659732788667
71,0,Vocal,0,0,15.976054750143378,15.976054750143378,16.315294596121472,27.31762899642236,9.462678432758793,9.462678432758793,15.53421405120427,10.81499255086873,-6.513376317384585,-6.513376317384585,-0.7810805449172022,-16.50263644555363
71,1,Bass,0,0,9.992833516367455,9.992833516367455,11.627926337486214,15.315898291797982,9.634250379610673,9.634250379610673,12.95902309878888,12.56566763098699,-0.35858313675678133,-0.35858313675678133,1.3310967613026659,-2.750230660810992
71,2,Drums,0,0,5.491417416950779,5.49141741695078,8.18600265434059,9.45613463941309,5.325766045135781,5.325766045135784,8.893310185824992,8.369289329549991,-0.1656513718149979,-0.16565137181499612,0.7073075314844015,-1.086845309863099
72,0,Vocal,0,0,14.099846897516237,14.099846897516237,14.755364998701525,22.778396838499205,13.938932196461407,13.938932196461407,15.139452523609227,20.24052198021238,-0.1609147010548302,-0.1609147010548302,0.38408752490770226,-2.5378748582868234
72,1,Bass,0,0,11.444665841294352,11.444665841294352,12.189348842537829,19.724530157361315,9.706685845403062,9.706685845403062,11.809817784607601,14.142322809170413,-1.7379799958912905,-1.7379799958912905,-0.3795310579302278,-5.582207348190902
72,2,Drums,0,0,9.374157866758699,9.374157866758699,10.86289452014891,15.089141838768349,5.006207601567886,5.006207601567886,12.054324145730682,6.223344025502977,-4.367950265190813,-4.367950265190813,1.1914296255817725,-8.865797813265372
73,0,Vocal,0,0,13.905046223208508,13.905046223208508,16.90440641525871,17.01400391527438,11.68339648599453,11.68339648599453,17.11824083167832,13.230531013007063,-2.221649737213978,-2.221649737213978,0.21383441641961198,-3.7834729022673166
73,1,Bass,0,0,7.626453612638241,7.626453612638242,11.109780507359904,10.534196544596654,8.886282886868907,8.886282886868907,12.602985328498209,11.521347249057897,1.2598292742306656,1.2598292742306647,1.4932048211383044,0.9871507044612429
73,2,Drums,0,0,10.246366018891509,10.246366018891507,17.08266620738663,11.338875785446469,0.5340567148876494,0.5340567148876502,11.265060721687743,1.2305058043430868,-9.71230930400386,-9.712309304003856,-5.817605485698888,-10.108369981103381
74,0,Vocal,0,0,20.382087160987332,20.382087160987332,23.598109957538785,23.214894703201377,8.112315436779241,8.112315436779243,23.437977316337516,8.261269964023478,-12.269771724208091,-12.26977172420809,-0.1601326412012689,-14.953624739177899
74,1,Bass,0,0,-1.8370302290775031,-1.8370302290775031,2.4594883558207403,2.1346041747936173,0.35004972867817385,0.3500497286781729,5.821563466984228,2.8087016581607696,2.187079957755677,2.187079957755676,3.362075111163488,0.6740974833671523
74,2,Drums,0,0,6.714650381491603,6.714650381491603,18.054579038608047,7.113418938837819,1.823516442131016,1.823516442131016,12.42036111990934,2.461447182016428,-4.8911339393605875,-4.8911339393605875,-5.634217918698706,-4.651971756821391
75,0,Vocal,0,0,16.622068097721417,16.622068097721417,16.857160719344172,29.493177080619517,10.457931896130766,10.457931896130768,16.172125855083358,11.91805954052488,-6.164136201590651,-6.164136201590649,-0.685034864260814,-17.575117540094638
75,1,Bass,0,0,8.841359236605188,8.841359236605188,10.249799717921935,14.808824661867277,8.4295104916076,8.4295104916076,11.276236993042044,11.922003495994078,-0.41184874499758806,-0.41184874499758806,1.0264372751201094,-2.886821165873199
75,2,Drums,0,0,4.340292696764282,4.340292696764282,7.073658303449371,8.42432783241538,4.583421230091747,4.583421230091748,6.992745816952469,9.082728342781738,0.2431285333274653,0.2431285333274662,-0.08091248649690197,0.6584005103663593
76,0,Vocal,0,0,14.97242682941858,14.972426829418584,15.20986008875597,27.84195487676438,12.513868429682978,12.513868429682978,16.161668226993683,15.072232260266581,-2.458558399735603,-2.4585583997356064,0.9518081382377126,-12.769722616497798
76,1,Bass,0,0,11.556542833067478,11.556542833067478,12.101234449825826,21.10215956905634,10.989103333723698,10.989103333723698,12.408513853788675,16.778780789095386,-0.5674394993437808,-0.5674394993437808,0.30727940396284836,-4.323378779960954
76,2,Drums,0,0,3.169147259662825,3.169147259662825,4.0874314037048105,11.798961916376754,2.5790483871771026,2.5790483871771013,5.259385016479663,7.078849516722992,-0.5900988724857226,-0.5900988724857239,1.1719536127748524,-4.720112399653762
77,0,Vocal,0,0,16.293918177703986,16.293918177703983,20.28349628238919,18.54612920169934,11.243259973954196,11.243259973954196,20.3729208608438,11.848926386286005,-5.050658203749791,-5.050658203749787,0.08942457845460794,-6.697202815413336
77,1,Bass,0,0,4.702358440621417,4.702358440621417,6.75706840991844,9.77108191740742,5.494675479068711,5.494675479068711,7.533645176704852,10.463837698408057,0.792317038447294,0.792317038447294,0.7765767667864116,0.6927557810006366
77,2,Drums,0,0,9.489618501575464,9.489618501575464,10.88528500044971,15.439308029380035,0.10181146398288986,0.10181146398288986,8.927198817008929,1.2350707495684485,-9.387807037592575,-9.387807037592575,-1.9580861834407806,-14.204237279811586
78,0,Vocal,0,0,11.261101891737477,11.261101891737477,11.895948973088558,20.197780603303748,8.745543219968477,8.745543219968475,11.929787292050802,11.858521211426485,-2.515558671769,-2.5155586717690017,0.03383831896224443,-8.339259391877263
78,1,Bass,0,0,14.519020549619913,14.519020549619913,16.874388304994245,18.38915679358659,12.184784348354633,12.184784348354633,17.826349223974688,13.639296981955555,-2.3342362012652806,-2.3342362012652806,0.9519609189804434,-4.749859811631035
78,2,Drums,0,0,6.107233685270769,6.10723368527077,8.76702064375948,10.040488960967988,1.8170914053795206,1.8170914053795206,7.412842553449614,3.9419514804067086,-4.290142279891248,-4.290142279891249,-1.3541780903098664,-6.098537480561279
79,0,Vocal,0,0,16.094935017913006,16.094935017913006,16.316377050112756,29.230687257981288,10.70875869534597,10.70875869534597,16.573814098645997,12.105808475960515,-5.386176322567035,-5.386176322567035,0.2574370485332409,-17.124878782020772
79,1,Bass,0,0,9.830785226121243,9.830785226121245,11.875119953998176,14.358489329234265,10.407471801110537,10.407471801110537,12.894609141668969,14.230172080843209,0.576686574989294,0.5766865749892922,1.0194891876707928,-0.12831724839105618
79,2,Drums,0,0,5.058394725145458,5.058394725145458,9.226204925349258,7.6459218813715975,4.067329059168449,4.067329059168449,9.198800874227588,6.151919203170419,-0.9910656659770094,-0.9910656659770094,-0.027404051121669326,-1.4940026782011788
80,0,Vocal,0,0,14.134935695718765,14.134935695718765,14.467590549584102,25.610643268240075,10.89185093970422,10.89185093970422,14.625142350236377,13.429711075516192,-3.243084756014545,-3.243084756014545,0.15755180065227492,-12.180932192723883
80,1,Bass,0,0,9.814263464995003,9.814263464995005,10.444746042854652,18.882129578236018,9.939593084339137,9.939593084339137,11.986012504335413,14.457150186702597,0.125329619344134,0.12532961934413223,1.5412664614807614,-4.424979391533421
80,2,Drums,0,0,8.579610931560149,8.579610931560149,9.733689911107321,15.338190417883501,6.889017830223684,6.889017830223684,9.751771180553362,10.489142553965427,-1.6905931013364643,-1.6905931013364643,0.01808126944604105,-4.849047863918074
81,0,Vocal,0,0,12.455144602881624,12.455144602881624,18.094410493145507,13.906299418933356,10.300527288854832,10.300527288854832,17.74467284087311,11.235468309280861,-2.154617314026792,-2.154617314026792,-0.3497376522723954,-2.670831109652495
81,1,Bass,0,0,7.9971697805504105,7.9971697805504105,13.726116538400245,9.528649142224905,10.571544389391242,10.571544389391246,16.37502722453085,11.994714561003414,2.5743746088408317,2.5743746088408352,2.6489106861306055,2.466065418778509
81,2,Drums,0,0,12.179493932483672,12.179493932483672,18.115456509365103,13.523977639295078,-3.3468165571244852,-3.3468165571244852,8.148872436709398,-2.408752888359775,-15.526310489608157,-15.526310489608157,-9.966584072655705,-15.932730527654853
82,0,Vocal,0,0,15.438797539878928,15.438797539878928,16.514388411677327,22.12271083092663,12.354447689944157,12.354447689944157,17.296148090697333,14.112758314883951,-3.084349849934771,-3.084349849934771,0.7817596790200056,-8.009952516042677
82,1,Bass,0,0,8.582591395842417,8.582591395842417,9.741045634892126,15.32612164607552,9.264773411197314,9.264773411197314,11.31191997309639,13.82431856735767,0.682182015354897,0.682182015354897,1.5708743382042645,-1.5018030787178507
82,2,Drums,0,0,7.589488985730275,7.589488985730275,9.510252116952353,12.518440195800412,2.4008032238122707,2.40080322381227,8.718740726143457,4.102774444029387,-5.188685761918005,-5.188685761918006,-0.7915113908088962,-8.415665751771026
83,0,Vocal,0,0,13.354759186475482,13.354759186475482,15.5822006560424,17.439237915865633,7.785783852904773,7.785783852904772,14.532864814014552,8.968018081510309,-5.568975333570709,-5.56897533357071,-1.0493358420278476,-8.471219834355324
83,1,Bass,0,0,3.5825874681629264,3.5825874681629264,6.08617596355829,8.122689494010197,4.797975928167066,4.797975928167066,6.921683520289771,9.726763623516085,1.2153884600041396,1.2153884600041396,0.8355075567314811,1.6040741295058876
83,2,Drums,0,0,12.10378660286076,12.10378660286076,17.109525831325765,13.835703991032409,3.892738092783379,3.892738092783379,15.346634241504516,4.340138109837857,-8.211048510077381,-8.211048510077381,-1.7628915898212494,-9.495565881194551
84,0,Vocal,0,0,20.22468828594149,20.22468828594149,21.325046100899677,26.7576529451506,13.33459101665564,13.33459101665564,21.924795354013145,14.009074397591935,-6.8900972692858495,-6.8900972692858495,0.5997492531134689,-12.748578547558665
84,1,Bass,0,0,1.1903025522253372,1.1903025522253359,1.560812027413897,14.363727627283891,1.7713960753785956,1.7713960753785956,2.739720959495525,10.61718993898743,0.5810935231532584,0.5810935231532597,1.178908932081628,-3.7465376882964616
84,2,Drums,0,0,5.258302857640377,5.258302857640378,5.873421894007647,15.049421741984299,3.2696760499239907,3.2696760499239907,6.275004503552121,7.2043506849201355,-1.9886268077163862,-1.9886268077163871,0.4015826095444739,-7.845071057064163
85,0,Vocal,0,0,18.289539272544005,18.289539272544005,18.71760841631715,28.6224789926736,7.482642876057502,7.4826428760575014,18.06415532162263,7.947459020910609,-10.806896396486502,-10.806896396486504,-0.6534530946945232,-20.675019971762993
85,1,Bass,0,0,7.645893379877807,7.645893379877805,8.989174868890899,13.912590247142154,8.16324557082637,8.16324557082637,10.970774928135592,11.720362592737718,0.5173521909485626,0.5173521909485643,1.981600059244693,-2.1922276544044355
85,2,Drums,0,0,3.443660750778643,3.4436607507786423,5.630856037264404,8.520323302183053,2.70034296807468,2.700342968074679,6.89054963417763,5.592266611840435,-0.7433177827039632,-0.7433177827039632,1.259693596913226,-2.9280566903426184
86,0,Vocal,0,0,16.212733766867316,16.212733766867316,17.418914954531708,22.443573569505823,7.1149494490366365,7.1149494490366365,16.782478759857625,7.701248412076511,-9.09778431783068,-9.09778431783068,-0.6364361946740829,-14.742325157429311
86,1,Bass,0,0,7.365914373715486,7.365914373715486,9.732432093180496,11.571264138138957,7.8607224294083755,7.8607224294083755,10.923575181209934,11.156724109811961,0.4948080556928893,0.4948080556928893,1.1911430880294382,-0.41454002832699643
86,2,Drums,0,0,7.6743618623830905,7.674361862383091,13.307060660459983,9.259362625669835,5.2031815801477075,5.2031815801477075,12.581370311668628,6.313664568702139,-2.471180282235383,-2.471180282235384,-0.7256903487913551,-2.9456980569676965
87,0,Vocal,0,0,12.2361973712196,12.2361973712196,12.973261863215889,20.51597084285536,2.947042192035428,2.947042192035428,11.049893897018787,4.005648623366595,-9.28915517918417,-9.28915517918417,-1.9233679661971017,-16.510322219488764
87,1,Bass,0,0,10.073132447546335,10.073132447546335,13.5256237958497,12.870824587365092,9.959552677071802,9.959552677071802,13.333555464431935,12.831302065102271,-0.1135797704745336,-0.1135797704745336,-0.19206833141776514,-0.03952252226282127
87,2,Drums,0,0,10.284260830424529,10.284260830424529,14.789451131633562,12.326372904437559,6.091880528007678,6.091880528007679,13.28161068401274,7.211730859926674,-4.192380302416851,-4.19238030241685,-1.507840447620822,-5.114642044510885
88,0,Vocal,0,0,11.013367505601675,11.013367505601675,12.443288235942791,16.774092302382627,6.137952136207404,6.137952136207404,11.104146453050085,8.128938121896912,-4.875415369394271,-4.875415369394271,-1.3391417828927068,-8.645154180485715
88,1,Bass,0,0,14.071293207564327,14.071293207564327,18.083587525460945,16.334988277169195,13.426599226589387,13.426599226589387,19.681209260310712,14.647191359122756,-0.6446939809749406,-0.6446939809749406,1.597621734849767,-1.6877969180464394
88,2,Drums,0,0,5.726930024968631,5.726930024968631,8.533418121640956,9.520779538507092,-7.356646455812558,-7.356646455812559,-1.9170608232778876,-1.8211670105541775,-13.08357648078119,-13.08357648078119,-10.450478944918844,-11.34194654906127
89,0,Vocal,0,0,16.68121523845126,16.68121523845126,17.62157482940354,23.86227386869839,9.560824207971534,9.560824207971532,17.744867569066216,10.348810525377203,-7.120391030479725,-7.120391030479727,0.12329273966267706,-13.513463343321188
89,1,Bass,0,0,9.764021159134318,9.764021159134318,12.853782874180448,12.915762658189035,8.692885016946953,8.692885016946953,14.740162891059093,10.076825488559994,-1.071136142187365,-1.071136142187365,1.886380016878645,-2.838937169629041
89,2,Drums,0,0,3.3731778473198286,3.37317784731983,8.840282251073761,5.357056319346725,-1.1182516219479266,-1.1182516219479266,6.169432064932346,0.7191800566464329,-4.491429469267755,-4.491429469267756,-2.670850186141415,-4.637876262700292
90,0,Vocal,0,0,12.287128064958829,12.287128064958829,13.34598449507073,19.13176010902573,3.1282505192173264,3.1282505192173264,10.845243756639658,4.276616876733347,-9.158877545741502,-9.158877545741502,-2.500740738431073,-14.855143232292384
90,1,Bass,0,0,8.79481902420637,8.79481902420637,10.170389694595457,14.856189820263124,9.077390406632361,9.077390406632361,11.99052065648223,12.453370955452607,0.28257138242599034,0.28257138242599034,1.8201309618867736,-2.4028188648105164
90,2,Drums,0,0,11.959000955061928,11.95900095506193,13.22147977409582,18.142627916120414,5.573246044589865,5.573246044589865,14.010822997969331,6.414080890176942,-6.385754910472063,-6.385754910472064,0.7893432238735105,-11.728547025943472
91,0,Vocal,0,0,18.421634936475684,18.421634936475684,18.642714863520055,31.523016513584317,13.734594076908769,13.734594076908767,19.69866087453688,15.049292680011565,-4.687040859566915,-4.687040859566917,1.0559460110168253,-16.473723833572752
91,1,Bass,0,0,7.099759104047763,7.099759104047764,8.178621624114896,14.291124302947221,7.890214597169077,7.890214597169077,9.786782750620244,12.83595084639229,0.7904554931213141,0.7904554931213132,1.6081611265053475,-1.455173456554931
91,2,Drums,0,0,2.041121295988831,2.041121295988831,4.422808911051972,7.125817464343214,1.9464765924737337,1.9464765924737342,4.657917210804135,6.5557212378769245,-0.09464470351509746,-0.09464470351509702,0.23510829975216296,-0.5700962264662897
92,0,Vocal,0,0,14.41295235013462,14.41295235013462,15.440859417967374,21.297417732149526,12.917128637386394,12.917128637386394,15.973313525241554,15.990421518446723,-1.4958237127482263,-1.4958237127482263,0.5324541072741802,-5.306996213702803
92,1,Bass,0,0,7.132162994205901,7.132162994205901,8.34061400247949,13.871808998750922,7.359997202793249,7.359997202793248,9.762576676222576,11.513167297046456,0.22783420858734793,0.22783420858734704,1.421962673743085,-2.3586417017044656
92,2,Drums,0,0,9.819519475377026,9.819519475377026,13.450200024270773,12.479008512595255,5.394246156463368,5.394246156463369,14.807238747338396,6.063471985915191,-4.425273318913658,-4.425273318913657,1.3570387230676229,-6.415536526680064
93,0,Vocal,0,0,17.252888247288002,17.252888247288002,17.56362131561579,28.936744251912323,13.34255839613543,13.34255839613543,18.144804096435895,15.154105951022313,-3.9103298511525715,-3.9103298511525715,0.5811827808201038,-13.78263830089001
93,1,Bass,0,0,9.665311854029575,9.665311854029575,10.319569542655863,18.59451694414806,9.318617201108612,9.318617201108612,10.666330570672011,15.414332811319714,-0.3466946529209629,-0.3466946529209629,0.3467610280161484,-3.180184132828348
93,2,Drums,0,0,1.3114787648643669,1.3114787648643687,2.3195308682784317,10.1523567863916,-0.13911293589001422,-0.13911293589001322,2.6104668769221746,5.0468854833337655,-1.4505917007543812,-1.4505917007543818,0.2909360086437429,-5.1054713030578345
94,0,Vocal,0,0,19.7049943032449,19.704994303244895,20.66761700163965,26.757783461255393,16.358239782391095,16.358239782391095,21.03766987271071,18.1998467460444,-3.3467545208538034,-3.3467545208538,0.37005287107106,-8.557936715210992
94,1,Bass,0,0,-4.929988838978021,-4.929988838978019,-4.32265816680381,9.602330879431658,-4.224181184890139,-4.224181184890139,-3.033271387009137,6.763269993205788,0.7058076540878817,0.7058076540878799,1.2893867797946736,-2.8390608862258704
94,2,Drums,0,0,7.973936407096644,7.9739364070966445,9.92945462447029,12.800681035665342,6.44239397350646,6.442393973506462,10.458933151295525,9.01045020053142,-1.5315424335901833,-1.5315424335901824,0.5294785268252351,-3.7902308351339222
95,0,Vocal,0,0,16.568213226851185,16.568213226851185,17.43614689647973,24.06560768340896,12.742663425538613,12.742663425538613,17.45007694670318,14.613258717122513,-3.8255498013125724,-3.8255498013125724,0.013930050223450507,-9.452348966286447
95,1,Bass,0,0,-6.273373972763024,-6.273373972763025,-5.134095929088681,6.390930616148046,-4.8746548198892,-4.8746548198892,-3.7997354769672524,7.028920780458826,1.3987191528738245,1.3987191528738254,1.3343604521214285,0.6379901643107795
95,2,Drums,0,0,11.954964493628061,11.954964493628061,17.016891622449833,13.662976212233843,7.408553522964288,7.408553522964287,15.448457171050725,8.272611370894346,-4.546410970663773,-4.546410970663774,-1.5684344513991082,-5.390364841339498
96,0,Vocal,0,0,18.883946627997542,18.883946627997542,23.139548363924206,20.948626671404202,10.820054688346845,10.820054688346845,24.53159711922777,11.024140508990854,-8.063891939650697,-8.063891939650697,1.3920487553035628,-9.924486162413348
96,1,Bass,0,0,5.32371564438145,5.323715644381453,6.918383339849039,11.251600723128156,-1.735063038151573,-1.735063038151573,3.276606793261465,1.5843814428857037,-7.058778682533023,-7.058778682533026,-3.641776546587574,-9.667219280242453
96,2,Drums,0,0,7.389604322862447,7.389604322862447,10.379645302273627,10.801010966907324,-3.923840341508829,-3.923840341508829,3.5987435609960947,-1.504850746290813,-11.313444664371277,-11.313444664371277,-6.780901741277532,-12.305861713198137
97,0,Vocal,0,0,18.591907275367554,18.591907275367554,19.421923551069717,26.236616170049984,10.069963593041493,10.069963593041493,19.20410505153243,10.687186148070232,-8.52194368232606,-8.52194368232606,-0.21781849953728738,-15.549430021979752
97,1,Bass,0,0,7.155703061329373,7.155703061329372,8.660669034078655,13.043309571677904,7.87246885481882,7.872468854818821,10.467293404699884,11.715700503498791,0.7167657934894471,0.7167657934894489,1.806624370621229,-1.3276090681791128
97,2,Drums,0,0,3.4245478646866703,3.4245478646866703,5.798073174604273,8.195826288193015,2.142816810388523,2.142816810388523,6.096899584396237,5.332211939620249,-1.2817310542981475,-1.2817310542981475,0.29882640979196395,-2.8636143485727654
98,0,Vocal,0,0,16.404899443111066,16.404899443111066,16.524309190164203,32.16753608771844,12.662229437197514,12.662229437197512,16.564166605158327,15.027896412365534,-3.7426700059135527,-3.7426700059135545,0.039857414994123985,-17.139639675352903
98,1,Bass,0,0,2.947402838996982,2.94740283899698,3.224697641421975,16.724354554417978,3.4040855787276936,3.4040855787276936,4.201715976565902,12.555538979579024,0.4566827397307116,0.4566827397307134,0.977018335143927,-4.168815574838954
98,2,Drums,0,0,10.545622954419914,10.545622954419914,11.62672618943895,17.402934815700522,8.817332414887872,8.817332414887872,12.08337996753704,11.846930871639863,-1.7282905395320416,-1.7282905395320416,0.45665377809809016,-5.5560039440606594
99,0,Vocal,0,0,6.324739555293723,6.324739555293723,7.432740570548476,13.520449944460239,5.742684024914563,5.742684024914565,8.52920910303489,9.559136070086305,-0.5820555303791597,-0.5820555303791579,1.0964685324864147,-3.961313874373934
99,1,Bass,0,0,14.313291341407552,14.313291341407552,15.24544111073864,21.581907315463916,12.202140207016177,12.202140207016177,16.13897099762346,14.55363043793156,-2.111151134391376,-2.111151134391376,0.8935298868848207,-7.028276877532356
99,2,Drums,0,0,10.945774144877804,10.945774144877804,11.753364902175434,18.93000308854064,3.9918345326883475,3.9918345326883475,10.7683118962183,5.365350469939757,-6.9539396121894566,-6.9539396121894566,-0.9850530059571341,-13.564652618600885
