idx,ch,stem,SIRB_in,LTR_in,U_in,EXP_in,RBR_in,RBRpct_in,SIRB_out,LTR_out,U_out,EXP_out,RBR_out,RBRpct_out,BR
0,0,Vocal,14.019303321838379,-14.019304275512695,0.018286406993865967,98.17135620117188,0.03812319040298462,3.812319040298462,13.34992504119873,-13.349916458129883,0.07430851459503174,92.56914520263672,0.04419536516070366,4.419536590576172,-12.935526847839355
0,1,Bass,-1.677440881729126,1.6774410009384155,0.04989755153656006,95.01024627685547,0.5953784584999084,59.537845611572266,-0.7797160148620605,0.7797166109085083,0.07936179637908936,92.0638198852539,0.5447639226913452,54.47639083862305,-29.510042190551758
0,2,Drums,-3.671940803527832,3.671940803527832,0.09089457988739014,90.9105453491211,0.6996213793754578,69.9621353149414,-1.4667307138442993,1.4667307138442993,0.08713942766189575,91.28605651855469,0.5836383104324341,58.36383056640625,-28.618650436401367
1,0,Vocal,4.280688762664795,-4.2806878089904785,0.009839951992034912,99.01600646972656,0.2717691659927368,27.176916122436523,3.541513442993164,-3.5415139198303223,0.04122340679168701,95.8776626586914,0.30672743916511536,30.672744750976562,-13.132620811462402
1,1,Bass,9.846001625061035,-9.846001625061035,0.04239928722381592,95.76007080078125,0.09388245642185211,9.388245582580566,10.02859878540039,-10.028602600097656,0.02543818950653076,97.45618438720703,0.09036628156900406,9.036627769470215,-30.009672164916992
1,2,Drums,-7.711833953857422,7.71183443069458,0.1533021330833435,84.66978454589844,0.8551669716835022,85.5167007446289,-7.128650665283203,7.128649711608887,0.07456028461456299,92.5439682006836,0.8377297520637512,83.7729721069336,-30.105228424072266
2,0,Vocal,7.237753868103027,-7.237753868103027,0.009455382823944092,99.05445861816406,0.15888413786888123,15.888413429260254,6.7539448738098145,-6.7539448738098145,0.03793591260910034,96.20640563964844,0.17434322834014893,17.434322357177734,-12.944951057434082
2,1,Bass,0.48099005222320557,-0.48099005222320557,0.0489925742149353,95.10074615478516,0.4723402261734009,47.23402404785156,1.4495307207107544,-1.4495298862457275,0.03897547721862793,96.10245513916016,0.417324423789978,41.73244094848633,-29.423492431640625
2,2,Drums,1.0555897951126099,-1.055590033531189,0.05699896812438965,94.30010223388672,0.4395327568054199,43.953277587890625,2.0392746925354004,-2.039274215698242,0.04835546016693115,95.1644515991211,0.3847203254699707,38.47203063964844,-29.007122039794922
3,0,Vocal,5.399542808532715,-5.399542808532715,0.03878289461135864,96.12171173095703,0.22386376559734344,22.386377334594727,5.359508514404297,-5.359508991241455,0.04876333475112915,95.12366485595703,0.2254694700241089,22.546947479248047,-12.770426750183105
3,1,Bass,-1.2898399829864502,1.2898399829864502,0.08131974935531616,91.86802673339844,0.573708176612854,57.370819091796875,-0.7835328578948975,0.7835329174995422,0.059774577617645264,94.02254486083984,0.544981837272644,54.49818420410156,-30.833881378173828
3,2,Drums,5.810298442840576,-5.810297966003418,0.052124977111816406,94.78750610351562,0.20786049962043762,20.78605079650879,5.4103498458862305,-5.410349369049072,0.05068540573120117,94.93145751953125,0.22343166172504425,22.34316635131836,-30.4027099609375
4,0,Vocal,3.963967800140381,-3.9639675617218018,0.010798811912536621,98.92012023925781,0.28644001483917236,28.644001007080078,2.9703876972198486,-2.9703876972198486,0.065074622631073,93.49253845214844,0.3353787362575531,33.537872314453125,-12.855511665344238
4,1,Bass,6.988042831420898,-6.988042831420898,0.031234383583068848,96.8765640258789,0.16671967506408691,16.671966552734375,8.138134956359863,-8.138134002685547,0.037701964378356934,96.22980499267578,0.13309401273727417,13.309401512145996,-29.496713638305664
4,2,Drums,-3.2243382930755615,3.2243382930755615,0.09737569093704224,90.2624282836914,0.6775272488594055,67.75272369384766,-2.828594446182251,2.82859468460083,0.07006382942199707,92.99361419677734,0.657305121421814,65.73051452636719,-30.027921676635742
5,0,Vocal,6.540728569030762,-6.5407280921936035,0.009667456150054932,99.03325653076172,0.18152369558811188,18.15237045288086,6.283031463623047,-6.283031463623047,0.023192107677459717,97.6807861328125,0.19050663709640503,19.050662994384766,-13.086335182189941
5,1,Bass,1.2962470054626465,-1.2962470054626465,0.04552316665649414,95.44768524169922,0.4259311258792877,42.59311294555664,-3.179487943649292,3.179488182067871,0.0,100.0,0.6752668619155884,67.52668762207031,-35.96815490722656
5,2,Drums,0.9308278560638428,-0.9308285117149353,0.07761800289154053,92.23819732666016,0.4466213881969452,44.662139892578125,1.3598101139068604,-1.35981023311615,0.046019136905670166,95.39808654785156,0.42235633730888367,42.235633850097656,-29.85443878173828
6,0,Vocal,7.4824934005737305,-7.4824934005737305,0.022309601306915283,97.76904296875,0.1514970064163208,15.149700164794922,7.912149429321289,-7.9121503829956055,0.02796614170074463,97.20338439941406,0.13921324908733368,13.921324729919434,-12.92807388305664
6,1,Bass,-2.4544625282287598,2.4544625282287598,0.0,100.0,0.6376458406448364,63.764583587646484,-1.337235450744629,1.3372350931167603,0.005214333534240723,99.47856903076172,0.5763750076293945,57.63750076293945,-30.676103591918945
6,2,Drums,2.958195686340332,-2.958195686340332,0.06041437387466431,93.95856475830078,0.33600473403930664,33.60047149658203,2.824842691421509,-2.8248419761657715,0.054693758487701416,94.53062438964844,0.34288954734802246,34.28895568847656,-30.916271209716797
7,0,Vocal,7.058730602264404,-7.0587310791015625,0.047825753688812256,95.21742248535156,0.16447071731090546,16.447071075439453,7.492862701416016,-7.492862224578857,0.053430020809173584,94.65699768066406,0.1511903703212738,15.119036674499512,-12.111921310424805
7,1,Bass,-4.280754566192627,4.280754089355469,0.088797926902771,91.12020874023438,0.728233814239502,72.82337951660156,-3.125636100769043,3.1256356239318848,0.07886028289794922,92.11396789550781,0.6725418567657471,67.25418853759766,-29.909276962280273
7,2,Drums,6.499601364135742,-6.499602794647217,0.1152769923210144,88.47229766845703,0.18293488025665283,18.293487548828125,4.602442741394043,-4.602442264556885,0.13883763551712036,86.1162338256836,0.2573569118976593,25.73569107055664,-30.99921226501465
8,0,Vocal,8.05858325958252,-8.058584213256836,0.002762734889984131,99.72372436523438,0.1352217048406601,13.522170066833496,8.802830696105957,-8.802827835083008,0.009144604206085205,99.08554077148438,0.116404689848423,11.64046859741211,-12.392657279968262
8,1,Bass,-0.5934740900993347,0.5934740900993347,0.010032951831817627,98.9967041015625,0.5341100692749023,53.411006927490234,0.48369941115379333,-0.48369932174682617,0.014748334884643555,98.5251693725586,0.47218477725982666,47.21847915649414,-30.54745101928711
8,2,Drums,1.4972760677337646,-1.497276782989502,0.012688219547271729,98.7311782836914,0.4146535396575928,41.465354919433594,1.0614591836929321,-1.0614591836929321,0.043765246868133545,95.62347412109375,0.43919986486434937,43.919986724853516,-30.76736831665039
9,0,Vocal,6.658516883850098,-6.658516883850098,0.05207967758178711,94.79203033447266,0.17752884328365326,17.752883911132812,7.0545334815979,-7.054533958435059,0.04244285821914673,95.7557144165039,0.16460362076759338,16.46036148071289,-12.28847885131836
9,1,Bass,-0.2847007215023041,0.28470104932785034,0.12956708669662476,87.04328918457031,0.5163828134536743,51.638282775878906,1.322810173034668,-1.3228105306625366,0.06368941068649292,93.63105773925781,0.42443618178367615,42.44361877441406,-29.563692092895508
9,2,Drums,4.24229097366333,-4.24229097366333,0.0907214879989624,90.92784881591797,0.2735225260257721,27.352252960205078,2.7259788513183594,-2.7259790897369385,0.08584219217300415,91.41577911376953,0.3480367958545685,34.803680419921875,-29.889875411987305
10,0,Vocal,6.78061056137085,-6.780611038208008,0.037527382373809814,96.24726104736328,0.1734611541032791,17.346115112304688,7.043211460113525,-7.043213844299316,0.04726594686508179,95.27340698242188,0.16496233642101288,16.496232986450195,-12.776565551757812
10,1,Bass,4.631221294403076,-4.631221771240234,0.00739818811416626,99.26017761230469,0.25609248876571655,25.609249114990234,4.039028167724609,-4.039027214050293,0.006444573402404785,99.35554504394531,0.28292056918144226,28.292057037353516,-31.056303024291992
10,2,Drums,-3.717289924621582,3.717289924621582,0.021146178245544434,97.88538360595703,0.7018111944198608,70.18112182617188,-2.922250986099243,2.922250747680664,0.09265130758285522,90.73487091064453,0.6621462106704712,66.2146224975586,-29.684606552124023
11,0,Vocal,-0.1537184864282608,0.1537180244922638,0.012805759906768799,98.71942138671875,0.5088477730751038,50.8847770690918,-3.1566624641418457,3.156663179397583,0.05830758810043335,94.16924285888672,0.6741133332252502,67.41133117675781,-13.390231132507324
11,1,Bass,11.750272750854492,-11.750273704528809,0.0796581506729126,92.03418731689453,0.06264370679855347,6.264370918273926,13.495279312133789,-13.495281219482422,0.03557533025741577,96.44246673583984,0.04280293360352516,4.2802934646606445,-29.00210189819336
11,2,Drums,-0.45488569140434265,0.4548857808113098,0.05170094966888428,94.82990264892578,0.5261613726615906,52.61613845825195,-0.3171911835670471,0.3171910047531128,0.11738753318786621,88.26124572753906,0.5182508826255798,51.82508850097656,-28.763578414916992
12,0,Vocal,8.154535293579102,-8.154536247253418,0.03142732381820679,96.85726928710938,0.13265886902809143,13.265887260437012,8.283958435058594,-8.28395938873291,0.045239269733428955,95.47607421875,0.1292673498392105,12.926734924316406,-12.641014099121094
12,1,Bass,-2.4888803958892822,2.4888808727264404,0.08151227235794067,91.84877014160156,0.6394749283790588,63.94749450683594,-1.03890860080719,1.0389087200164795,0.0633542537689209,93.6645736694336,0.5595208406448364,55.952083587646484,-29.601003646850586
12,2,Drums,1.9207524061203003,-1.920752763748169,0.0526394248008728,94.7360610961914,0.3912002742290497,39.120025634765625,0.46586430072784424,-0.4658644199371338,0.09539610147476196,90.46038818359375,0.47320836782455444,47.32083511352539,-30.111204147338867
13,0,Vocal,9.366945266723633,-9.366942405700684,0.005857586860656738,99.41423797607422,0.10369577258825302,10.369577407836914,8.741539001464844,-8.74153995513916,0.05511164665222168,94.48883819580078,0.11786410957574844,11.78641128540039,-12.634861946105957
13,1,Bass,1.2092366218566895,-1.2092360258102417,0.06111800670623779,93.88819885253906,0.4308370351791382,43.083702087402344,3.311760663986206,-3.3117599487304688,0.05610758066177368,94.38924407958984,0.3180905282497406,31.809053421020508,-28.9974422454834
13,2,Drums,-4.110098361968994,4.110098361968994,0.16023516654968262,83.97648620605469,0.7203876376152039,72.03876495361328,-3.1413631439208984,3.141364097595215,0.11048167943954468,88.95183563232422,0.6733389496803284,67.33389282226562,-28.866809844970703
14,0,Vocal,8.163472175598145,-8.163471221923828,0.004561066627502441,99.54389190673828,0.1324223279953003,13.242233276367188,8.00967025756836,-8.009673118591309,0.018188953399658203,98.18110656738281,0.1365441232919693,13.654412269592285,-12.691810607910156
14,1,Bass,2.121692180633545,-2.1216928958892822,0.03185170888900757,96.81482696533203,0.3802381157875061,38.02381134033203,2.937469959259033,-2.937469005584717,0.013003170490264893,98.6996841430664,0.3370703458786011,33.707035064697266,-30.31743812561035
14,2,Drums,-3.7576630115509033,3.757662773132324,0.07914799451828003,92.08519744873047,0.7037529945373535,70.37529754638672,-3.125631332397461,3.1256306171417236,0.047139763832092285,95.28602600097656,0.672541618347168,67.25416564941406,-29.606340408325195
15,0,Vocal,7.290628433227539,-7.290628433227539,0.01615440845489502,98.38455963134766,0.15726380050182343,15.726380348205566,6.8876237869262695,-6.887624263763428,0.049652159214019775,95.03478240966797,0.1699567288160324,16.99567222595215,-12.873296737670898
15,1,Bass,-0.3253628611564636,0.32536324858665466,0.06655168533325195,93.34483337402344,0.5187206864356995,51.8720703125,0.14991754293441772,-0.14991700649261475,0.02742999792098999,97.25700378417969,0.49137091636657715,49.13709259033203,-30.359643936157227
15,2,Drums,3.6800155639648438,-3.680015802383423,0.05769282579421997,94.23072052001953,0.2999880313873291,29.998802185058594,3.1805520057678223,-3.1805520057678223,0.047419071197509766,95.25809478759766,0.32467949390411377,32.46794891357422,-30.095972061157227
16,0,Vocal,15.629880905151367,-15.6298828125,0.044903695583343506,95.50962829589844,0.026625175029039383,2.662517547607422,14.891592025756836,-14.891593933105469,0.09448462724685669,90.5515365600586,0.03140387311577797,3.1403872966766357,-12.994770050048828
16,1,Bass,0.03752993047237396,-0.03752937912940979,0.09261387586593628,90.73860931396484,0.49783962965011597,49.78396224975586,2.0700137615203857,-2.070014238357544,0.03339356184005737,96.66064453125,0.38304629921913147,38.304630279541016,-29.19038963317871
16,2,Drums,-1.7313148975372314,1.7313145399093628,0.19342505931854248,80.6574935913086,0.5983632206916809,59.83632278442383,-1.13032066822052,1.13032066822052,0.07964909076690674,92.03508758544922,0.5647016763687134,56.47016906738281,-29.454952239990234
17,0,Vocal,9.033954620361328,-9.033953666687012,0.013301730155944824,98.66983032226562,0.11104169487953186,11.104169845581055,9.15777587890625,-9.157776832580566,0.02487337589263916,97.51266479492188,0.10825838148593903,10.825838088989258,-12.862443923950195
17,1,Bass,-1.3749300241470337,1.3749299049377441,0.05686241388320923,94.31375885009766,0.5784928202629089,57.849281311035156,0.3173883259296417,-0.3173883259296417,0.05868035554885864,94.13196563720703,0.48173782229423523,48.17378234863281,-29.44727325439453
17,2,Drums,0.7113627195358276,-0.7113626003265381,0.12971001863479614,87.02899932861328,0.4591419994831085,45.91419982910156,1.0402765274047852,-1.0402767658233643,0.0875282883644104,91.2471694946289,0.440401554107666,44.04015350341797,-30.153345108032227
18,0,Vocal,6.683867454528809,-6.68386697769165,0.0012295246124267578,99.87704467773438,0.17667822539806366,17.667821884155273,5.47870397567749,-5.478704452514648,0.04781311750411987,95.21868896484375,0.22071267664432526,22.07126808166504,-13.261767387390137
18,1,Bass,5.157780170440674,-5.157778263092041,0.06986135244369507,93.01386260986328,0.23368440568447113,23.368440628051758,6.392564296722412,-6.392564296722412,0.021714389324188232,97.82855987548828,0.18664760887622833,18.66476058959961,-29.246633529663086
18,2,Drums,-1.1702754497528076,1.1702756881713867,0.14762842655181885,85.2371597290039,0.5669617652893066,56.69617462158203,-0.4723098576068878,0.4723099172115326,0.05395931005477905,94.60407257080078,0.5271615386009216,52.71615219116211,-29.68562126159668
19,0,Vocal,7.875659942626953,-7.875659465789795,0.00701296329498291,99.2987060546875,0.1402231603860855,14.022315979003906,5.789505958557129,-5.789505958557129,0.0,100.0,0.20864985883235931,20.864986419677734,-14.691201210021973
19,1,Bass,1.1678673028945923,-1.167866826057434,0.04790598154067993,95.20940399169922,0.43317440152168274,43.317440032958984,1.4612884521484375,-1.4612888097763062,0.045822978019714355,95.4177017211914,0.4166662096977234,41.666622161865234,-30.119770050048828
19,2,Drums,0.5890928506851196,-0.5890933871269226,0.08696222305297852,91.30377960205078,0.4661409556865692,46.61409378051758,1.1361502408981323,-1.136150598526001,0.08880037069320679,91.11996459960938,0.43496838212013245,43.4968376159668,-29.198932647705078
20,0,Vocal,9.251653671264648,-9.251657485961914,0.00982743501663208,99.01725769042969,0.10618912428617477,10.618912696838379,9.881579399108887,-9.881580352783203,0.011892616748809814,98.81073760986328,0.09318792819976807,9.318792343139648,-12.333441734313965
20,1,Bass,0.2142859846353531,-0.21428658068180084,0.027617931365966797,97.23820495605469,0.48766717314720154,48.76671600341797,0.6865897178649902,-0.686589777469635,0.00874948501586914,99.12505340576172,0.46055883169174194,46.05588150024414,-30.169981002807617
20,2,Drums,-1.8784236907958984,1.8784232139587402,0.02948850393295288,97.0511474609375,0.6064759492874146,60.6475944519043,-5.1075439453125,5.1075439453125,0.033227384090423584,96.67726135253906,0.7642378211021423,76.42378234863281,-31.074331283569336
21,0,Vocal,16.65349769592285,-16.65347671508789,0.016594409942626953,98.34056091308594,0.02115272358059883,2.115272283554077,17.093935012817383,-17.09394073486328,0.02733469009399414,97.26653289794922,0.019151711836457253,1.9151711463928223,-12.396509170532227
21,1,Bass,-6.923722267150879,6.923722267150879,0.03898197412490845,96.10179901123047,0.8312126398086548,83.12126159667969,-6.812745094299316,6.812746047973633,0.022343933582305908,97.76560974121094,0.8275971412658691,82.75971221923828,-30.31688117980957
21,2,Drums,-3.8884565830230713,3.888456344604492,0.04451286792755127,95.54871368408203,0.7099930047988892,70.99929809570312,-4.58158540725708,4.581584930419922,0.03633981943130493,96.36602020263672,0.7417240738868713,74.17240905761719,-30.221498489379883
22,0,Vocal,8.526651382446289,-8.526650428771973,0.008569478988647461,99.14305114746094,0.12310665845870972,12.31066608428955,8.086706161499023,-8.086706161499023,0.025274038314819336,97.47259521484375,0.1344662606716156,13.446625709533691,-13.157766342163086
22,1,Bass,0.16341865062713623,-0.1634196937084198,0.016801774501800537,98.31982421875,0.49059394001960754,49.05939483642578,1.4606890678405762,-1.460688591003418,0.025860726833343506,97.41392517089844,0.41669976711273193,41.66997528076172,-29.387001037597656
22,2,Drums,-0.1824440211057663,0.18244341015815735,0.02365630865097046,97.63436889648438,0.5105007290840149,51.050071716308594,0.6368365287780762,-0.6368363499641418,0.040261805057525635,95.97381591796875,0.4634062945842743,46.34062957763672,-29.67751693725586
23,0,Vocal,6.254422187805176,-6.254422187805176,0.03490102291107178,96.50989532470703,0.1915246844291687,19.152467727661133,6.498064041137695,-6.498063087463379,0.04540330171585083,95.45967102050781,0.18298782408237457,18.298782348632812,-12.145771026611328
23,1,Bass,-0.18934524059295654,0.189345121383667,0.10190027952194214,89.80997467041016,0.5108978748321533,51.089786529541016,1.6516882181167603,-1.6516878604888916,0.06058001518249512,93.94200134277344,0.4060508608818054,40.60508728027344,-29.02733039855957
23,2,Drums,4.401895999908447,-4.4018964767456055,0.06795686483383179,93.20431518554688,0.26628100872039795,26.628101348876953,3.996366024017334,-3.9963653087615967,0.08848828077316284,91.15116882324219,0.28491777181625366,28.491777420043945,-28.8216609954834
24,0,Vocal,5.591056823730469,-5.591057777404785,0.0005890727043151855,99.94109344482422,0.21629513800144196,21.629514694213867,5.286445617675781,-5.286444664001465,0.03005695343017578,96.99430847167969,0.22842097282409668,22.842098236083984,-12.840983390808105
24,1,Bass,5.1798200607299805,-5.1798200607299805,0.010222017765045166,98.97779846191406,0.23277682065963745,23.277681350708008,5.656135559082031,-5.656133651733398,0.009370982646942139,99.06290435791016,0.21376588940620422,21.376588821411133,-30.26032257080078
24,2,Drums,-3.919588088989258,3.9195873737335205,0.02987879514694214,97.01212310791016,0.7114667296409607,71.14667510986328,-3.4620423316955566,3.4620423316955566,0.037960171699523926,96.2039794921875,0.6893676519393921,68.936767578125,-30.39379119873047
25,0,Vocal,2.0186402797698975,-2.0186400413513184,0.010157108306884766,98.98429107666016,0.3858456015586853,38.58456039428711,2.2208025455474854,-2.2208023071289062,0.0053462982177734375,99.46537017822266,0.3748750686645508,37.48750686645508,-12.977696418762207
25,1,Bass,7.946323394775391,-7.946321487426758,0.0012333393096923828,99.87666320800781,0.13827304542064667,13.82730484008789,8.167067527770996,-8.167071342468262,0.0,100.0,0.13232716917991638,13.23271656036377,-30.696016311645508
25,2,Drums,-0.5604899525642395,0.5604904294013977,0.0,100.0,0.5322197079658508,53.22196960449219,-1.6323192119598389,1.6323186159133911,0.015760302543640137,98.4239730834961,0.5928730368614197,59.28730392456055,-30.128456115722656
26,0,Vocal,13.015976905822754,-13.015975952148438,0.05933535099029541,94.06646728515625,0.04755977541208267,4.755977630615234,12.877864837646484,-12.877857208251953,0.06825917959213257,93.17407989501953,0.04902127385139465,4.902127265930176,-12.871304512023926
26,1,Bass,-1.895324945449829,1.89532470703125,0.0,100.0,0.607404351234436,60.74043655395508,-0.15128564834594727,0.15128573775291443,0.04087972640991211,95.91202545166016,0.5087078213691711,50.87078094482422,-29.353342056274414
26,2,Drums,0.06669607758522034,-0.06669580191373825,0.08922213315963745,91.07778930664062,0.49616074562072754,49.61607360839844,-0.2366274744272232,0.23662789165973663,0.07682764530181885,92.3172378540039,0.5136180520057678,51.3618049621582,-30.625699996948242
27,0,Vocal,3.971100330352783,-3.971100330352783,0.03354448080062866,96.64555358886719,0.2861044704914093,28.61044692993164,3.524152994155884,-3.52415132522583,0.04031968116760254,95.96803283691406,0.3075782060623169,30.75782012939453,-13.310359001159668
27,1,Bass,15.554590225219727,-15.554584503173828,0.12503725290298462,87.49627685546875,0.027078188955783844,2.7078189849853516,17.214719772338867,-17.21470069885254,0.10748690366744995,89.25131225585938,0.018636232241988182,1.8636232614517212,-29.384714126586914
27,2,Drums,-4.662229061126709,4.662229537963867,0.06966501474380493,93.03350067138672,0.7452653646469116,74.52653503417969,-5.648985385894775,5.648985862731934,0.08080220222473145,91.9197769165039,0.7859573364257812,78.59573364257812,-30.301698684692383
28,0,Vocal,9.635943412780762,-9.635945320129395,0.06381183862686157,93.61881256103516,0.09807859361171722,9.807859420776367,9.742417335510254,-9.742417335510254,0.06778132915496826,93.22187042236328,0.09593117982149124,9.593117713928223,-12.6976318359375
28,1,Bass,3.3939599990844727,-3.393958806991577,0.016591429710388184,98.34085845947266,0.3139992654323578,31.399927139282227,4.228899955749512,-4.228899002075195,0.0056299567222595215,99.43700408935547,0.27413567900657654,27.4135684967041,-31.276575088500977
28,2,Drums,0.6782771348953247,-0.6782768964767456,0.022374272346496582,97.7625732421875,0.4610343873500824,46.10343933105469,0.7475423216819763,-0.7475422620773315,0.05150163173675537,94.84983825683594,0.4570739269256592,45.707393646240234,-29.636598587036133
29,0,Vocal,8.132943153381348,-8.132940292358398,0.010894954204559326,98.91050720214844,0.1332320272922516,13.323203086853027,7.901951789855957,-7.901951789855957,0.03723180294036865,96.27681732177734,0.1394949108362198,13.949491500854492,-12.864582061767578
29,1,Bass,3.1036834716796875,-3.1036832332611084,0.05796116590499878,94.2038803100586,0.3285723030567169,32.85723114013672,3.341257333755493,-3.341257333755493,0.04400300979614258,95.59970092773438,0.3166190981864929,31.661909103393555,-30.49009132385254
29,2,Drums,-2.9976935386657715,2.9976940155029297,0.1549103856086731,84.50896453857422,0.6660212874412537,66.60212707519531,-3.3988709449768066,3.3988704681396484,0.14223331212997437,85.77667236328125,0.6862442493438721,68.62442779541016,-30.780254364013672
30,0,Vocal,7.238153457641602,-7.238153457641602,0.04207897186279297,95.79209899902344,0.1588718295097351,15.88718318939209,7.174057483673096,-7.1740570068359375,0.05057424306869507,94.94257354736328,0.1608540117740631,16.08540153503418,-13.125337600708008
30,1,Bass,4.707915306091309,-4.70791482925415,0.05852925777435303,94.1470718383789,0.2527427077293396,25.27427101135254,5.655184745788574,-5.655184268951416,0.06577861309051514,93.4221420288086,0.21380263566970825,21.380264282226562,-30.257314682006836
30,2,Drums,-4.853190898895264,4.853191375732422,0.07103538513183594,92.8964614868164,0.7535225749015808,75.35225677490234,-3.7368323802948,3.7368323802948,0.11202472448348999,88.79753112792969,0.7027520537376404,70.27520751953125,-29.661222457885742
31,0,Vocal,3.136838674545288,-3.136837959289551,0.01985001564025879,98.01499938964844,0.3268902897834778,32.689029693603516,2.5186028480529785,-2.518603563308716,0.02672666311264038,97.32733154296875,0.3589487075805664,35.89487075805664,-13.074546813964844
31,1,Bass,1.909496545791626,-1.9094961881637573,0.04096114635467529,95.90388488769531,0.39181774854660034,39.1817741394043,2.2100934982299805,-2.2100934982299805,0.03435403108596802,96.5645980834961,0.3754531145095825,37.545310974121094,-30.238359451293945
31,2,Drums,5.256687164306641,-5.256687164306641,0.0534709095954895,94.65290832519531,0.22963082790374756,22.963083267211914,5.198924541473389,-5.1989240646362305,0.04339832067489624,95.66017150878906,0.23199214041233063,23.199214935302734,-29.749357223510742
32,0,Vocal,6.9961161613464355,-6.9961161613464355,0.0,100.0,0.16646155714988708,16.646156311035156,7.0121564865112305,-7.012155532836914,0.01249760389328003,98.75023651123047,0.1659497618675232,16.5949764251709,-12.830917358398438
32,1,Bass,-2.5117971897125244,2.5117971897125244,0.006323635578155518,99.36763763427734,0.6406905651092529,64.06905364990234,-2.009716033935547,2.0097155570983887,0.01711219549179077,98.28878021240234,0.613667368888855,61.366737365722656,-30.44447135925293
32,2,Drums,3.8516995906829834,-3.8516993522644043,0.011852920055389404,98.81470489501953,0.29175278544425964,29.175277709960938,4.372636795043945,-4.372636795043945,0.023219764232635498,97.67802429199219,0.26759934425354004,26.759933471679688,-29.83671760559082
33,0,Vocal,8.520773887634277,-8.52077865600586,0.09743666648864746,90.25633239746094,0.12325279414653778,12.325279235839844,7.7750244140625,-7.775022983551025,0.14001137018203735,85.99886322021484,0.14304021000862122,14.304020881652832,-13.043683052062988
33,1,Bass,0.9317452907562256,-0.9317456483840942,0.08281570672988892,91.71842956542969,0.44656920433044434,44.65692138671875,2.4784319400787354,-2.4784321784973145,0.03568005561828613,96.43199157714844,0.3610799014568329,36.10799026489258,-29.777156829833984
33,2,Drums,3.937946319580078,-3.937945604324341,0.07388383150100708,92.61161804199219,0.2876662611961365,28.766626358032227,4.194830894470215,-4.194830894470215,0.064486563205719,93.55134582519531,0.27569934725761414,27.569934844970703,-29.24702262878418
34,0,Vocal,6.315460205078125,-6.315460205078125,0.04677140712738037,95.32286071777344,0.18935780227184296,18.935779571533203,4.230492115020752,-4.230492115020752,0.04512971639633179,95.48703002929688,0.2740626931190491,27.406269073486328,-14.154139518737793
34,1,Bass,7.443619728088379,-7.4436187744140625,0.08348512649536133,91.6514892578125,0.15265117585659027,15.265117645263672,8.705824851989746,-8.705827713012695,0.0749502182006836,92.50497436523438,0.11872177571058273,11.872177124023438,-29.69239044189453
34,2,Drums,-2.410264253616333,2.410264253616333,0.13359421491622925,86.64057922363281,0.6352910995483398,63.529109954833984,-2.042811155319214,2.0428106784820557,0.08300936222076416,91.69906616210938,0.6154724359512329,61.547245025634766,-30.0223388671875
35,0,Vocal,4.821351051330566,-4.821351051330566,0.03835165500640869,96.16483306884766,0.24784161150455475,24.784160614013672,4.205255031585693,-4.205255031585693,0.0797390341758728,92.0261001586914,0.2752203643321991,27.522035598754883,-12.666439056396484
35,1,Bass,4.837821960449219,-4.837821960449219,0.07207328081130981,92.79267120361328,0.24713532626628876,24.713533401489258,6.942286014556885,-6.942285537719727,0.029700934886932373,97.0299072265625,0.16818851232528687,16.818851470947266,-28.77396583557129
35,2,Drums,2.386077404022217,-2.386077404022217,0.06956881284713745,93.04312133789062,0.3660002648830414,36.60002517700195,-1.3981486558914185,1.398148536682129,0.1199789047241211,88.00210571289062,0.5797958970069885,57.979591369628906,-29.604923248291016
36,0,Vocal,7.158978462219238,-7.158979892730713,0.01696246862411499,98.30375671386719,0.16132313013076782,16.132312774658203,7.210366249084473,-7.210364818572998,0.024824976921081543,97.51750183105469,0.15972872078418732,15.972871780395508,-12.996152877807617
36,1,Bass,1.8307018280029297,-1.8307031393051147,0.03152298927307129,96.84770202636719,0.39614957571029663,39.61495590209961,1.7038816213607788,-1.7038819789886475,0.022979438304901123,97.70205688476562,0.40315574407577515,40.315574645996094,-30.49813461303711
36,2,Drums,0.4252779483795166,-0.4252775311470032,0.03575199842453003,96.42479705810547,0.47553858160972595,47.55385971069336,-0.017099719494581223,0.017100727185606956,0.04023045301437378,95.9769515991211,0.5009843707084656,50.09843826293945,-30.68803596496582
37,0,Vocal,4.286444664001465,-4.286444664001465,0.019907832145690918,98.00921630859375,0.2715069651603699,27.15069580078125,4.196695327758789,-4.196694850921631,0.01946878433227539,98.0531234741211,0.2756136655807495,27.56136703491211,-13.142786979675293
37,1,Bass,4.3511762619018555,-4.3511762619018555,0.028539061546325684,97.1460952758789,0.2685689330101013,26.85689353942871,3.7222485542297363,-3.722248077392578,0.013283252716064453,98.67167663574219,0.2979499399662018,29.794994354248047,-31.221590042114258
37,2,Drums,0.3089137375354767,-0.30891335010528564,0.03257620334625244,96.74237823486328,0.48222506046295166,48.22250747680664,-0.32817578315734863,0.32817572355270386,0.03705036640167236,96.29496002197266,0.5188823342323303,51.88823318481445,-30.447120666503906
38,0,Vocal,9.156084060668945,-9.156083106994629,0.010865092277526855,98.91349029541016,0.1082959920167923,10.829599380493164,8.36099624633789,-8.360995292663574,0.04960829019546509,95.03916931152344,0.1272839456796646,12.728394508361816,-12.866952896118164
38,1,Bass,-2.675914764404297,2.6759145259857178,0.056098997592926025,94.39009857177734,0.6493428945541382,64.93428802490234,-1.9910310506820679,1.991031289100647,0.08061230182647705,91.93876647949219,0.6126468777656555,61.264686584472656,-29.72418212890625
38,2,Drums,1.3806474208831787,-1.3806473016738892,0.07873141765594482,92.12686157226562,0.4211861789226532,42.11861801147461,2.5548877716064453,-2.5548877716064453,0.1052401065826416,89.47599029541016,0.3570285439491272,35.70285415649414,-28.680437088012695
39,0,Vocal,5.746288776397705,-5.746288299560547,0.012730062007904053,98.72699737548828,0.21029773354530334,21.029773712158203,4.445277690887451,-4.445277214050293,0.07834666967391968,92.16533660888672,0.2643339931964874,26.433399200439453,-13.116271018981934
39,1,Bass,-0.8545498847961426,0.8545497059822083,0.1108441948890686,88.91558074951172,0.5490337610244751,54.903377532958984,0.592868983745575,-0.5928692817687988,0.028552532196044922,97.14474487304688,0.46592462062835693,46.59246063232422,-29.429258346557617
39,2,Drums,4.340788841247559,-4.340789794921875,0.044857561588287354,95.51424407958984,0.26903900504112244,26.903900146484375,9.040521621704102,-9.040521621704102,0.10892623662948608,89.10737609863281,0.11089244484901428,11.089244842529297,-25.112947463989258
40,0,Vocal,21.10459327697754,-21.104604721069336,0.14476388692855835,85.52361297607422,0.007694565691053867,0.7694565653800964,21.357934951782227,-21.357995986938477,0.1363363265991211,86.36636352539062,0.007261752150952816,0.7261751890182495,-12.807209014892578
40,1,Bass,-3.3820197582244873,3.3820199966430664,0.06893324851989746,93.10667419433594,0.6854082345962524,68.54082489013672,-3.203004837036133,3.203004837036133,0.022497236728668213,97.75027465820312,0.6764531135559082,67.64530944824219,-30.955333709716797
40,2,Drums,3.5567572116851807,-3.556757926940918,0.06915009021759033,93.08499145507812,0.3059815466403961,30.598154067993164,3.562192678451538,-3.562192440032959,0.03486061096191406,96.5139389038086,0.3057158887386322,30.57158851623535,-30.176673889160156
41,0,Vocal,5.798708915710449,-5.798710823059082,0.01123511791229248,98.8764877319336,0.20830018818378448,20.830018997192383,5.733303546905518,-5.733304500579834,0.02186363935470581,97.81363677978516,0.21079465746879578,21.079465866088867,-12.908175468444824
41,1,Bass,-1.5375275611877441,1.5375282764434814,0.019523143768310547,98.04768371582031,0.587594211101532,58.759422302246094,-1.5878617763519287,1.5878615379333496,0.01806730031967163,98.19326782226562,0.5903998613357544,59.03998565673828,-31.135583877563477
41,2,Drums,3.074897289276123,-3.074897527694702,0.013741731643676758,98.62582397460938,0.3300362229347229,33.003623962402344,2.8938112258911133,-2.8938112258911133,0.027675330638885498,97.23246765136719,0.3393203318119049,33.93203353881836,-31.090707778930664
42,0,Vocal,10.483503341674805,-10.483503341674805,0.00436931848526001,99.56306457519531,0.0821177288889885,8.211772918701172,10.28724193572998,-10.287242889404297,0.0243036150932312,97.56964111328125,0.08558886498212814,8.558886528015137,-12.614249229431152
42,1,Bass,-3.6354289054870605,3.6354281902313232,0.02751338481903076,97.24866485595703,0.6978515982627869,69.78515625,-3.086642265319824,3.0866427421569824,0.02497035264968872,97.50296783447266,0.6705614924430847,67.05615234375,-30.6593017578125
42,2,Drums,-0.4148624837398529,0.4148625135421753,0.035301804542541504,96.46981811523438,0.5238632559776306,52.38632583618164,0.700384259223938,-0.7003846764564514,0.03192085027694702,96.80791473388672,0.4597697854042053,45.97697830200195,-29.28666114807129
43,0,Vocal,13.129377365112305,-13.129376411437988,0.0657275915145874,93.42723846435547,0.04639093577861786,4.639093399047852,7.985661029815674,-7.985659599304199,0.04996126890182495,95.00387573242188,0.13719728589057922,13.719728469848633,-16.847116470336914
43,1,Bass,-1.801745891571045,1.8017463684082031,0.07625621557235718,92.37438201904297,0.6022543907165527,60.225440979003906,-1.315948724746704,1.3159483671188354,0.039804160594940186,96.01958465576172,0.575177788734436,57.51778030395508,-30.40778350830078
43,2,Drums,2.071765184402466,-2.071765661239624,0.12544959783554077,87.45503997802734,0.38295096158981323,38.29509735107422,2.8682589530944824,-2.8682589530944824,0.07499057054519653,92.50094604492188,0.3406405448913574,34.064056396484375,-29.581634521484375
44,0,Vocal,31.623661041259766,-31.62432098388672,0.05062603950500488,94.93739318847656,0.0006875431281514466,0.06875431537628174,15.965609550476074,-15.965608596801758,0.06010556221008301,93.98944091796875,0.02469339221715927,2.46933913230896,-27.822654724121094
44,1,Bass,-3.116304636001587,3.116304636001587,0.03049260377883911,96.95073699951172,0.6720685362815857,67.20685577392578,-2.158576726913452,2.158576488494873,0.048167526721954346,95.1832504272461,0.6217612624168396,62.176124572753906,-30.005985260009766
44,2,Drums,-3.827732563018799,3.8277320861816406,0.049690306186676025,95.03096771240234,0.7071056365966797,70.71056365966797,-3.5974512100219727,3.5974514484405518,0.08296477794647217,91.70352172851562,0.6960046291351318,69.6004638671875,-30.02149200439453
45,0,Vocal,11.569775581359863,-11.569781303405762,0.03571873903274536,96.4281234741211,0.06512894481420517,6.512894630432129,10.891146659851074,-10.891145706176758,0.081013023853302,91.89869689941406,0.07531462609767914,7.531462669372559,-12.620296478271484
45,1,Bass,-3.908400535583496,3.908400297164917,0.05859565734863281,94.14043426513672,0.7109376788139343,71.09376525878906,-2.438018560409546,2.438018798828125,0.05923384428024292,94.07661437988281,0.636770486831665,63.67704772949219,-29.643136978149414
45,2,Drums,1.4036846160888672,-1.4036848545074463,0.10566145181655884,89.43385314941406,0.4198935627937317,41.989356994628906,2.5464439392089844,-2.5464439392089844,0.05991607904434204,94.00839233398438,0.35747504234313965,35.74750518798828,-28.939388275146484
46,0,Vocal,9.127347946166992,-9.127348899841309,0.04456287622451782,95.54370880126953,0.1089366152882576,10.893661499023438,10.67451286315918,-10.674519538879395,0.06276541948318481,93.72345733642578,0.07886289805173874,7.886289596557617,-11.039031982421875
46,1,Bass,0.061960749328136444,-0.06196022778749466,0.11433082818984985,88.5669174194336,0.4964333474636078,49.643333435058594,0.9609460234642029,-0.9609455466270447,0.05487537384033203,94.51246643066406,0.44490811228752136,44.49081039428711,-30.048259735107422
46,2,Drums,1.3613152503967285,-1.361315131187439,0.08276468515396118,91.7235336303711,0.42227181792259216,42.22718048095703,-4.073511123657227,4.073510646820068,0.11260771751403809,88.73922729492188,0.7186874747276306,71.86874389648438,-30.918088912963867
47,0,Vocal,14.106160163879395,-14.106170654296875,0.02374124526977539,97.6258773803711,0.037396516650915146,3.739651679992676,14.42760944366455,-14.427624702453613,0.02634340524673462,97.36566162109375,0.034821394830942154,3.4821395874023438,-12.821002960205078
47,1,Bass,-6.335537433624268,6.335536956787109,0.022976279258728027,97.7023696899414,0.8113507628440857,81.13507843017578,-6.674563407897949,6.674563884735107,0.0035881996154785156,99.64118194580078,0.8230099678039551,82.30099487304688,-30.678306579589844
47,2,Drums,-1.9358108043670654,1.935811161994934,0.07064533233642578,92.93547058105469,0.6096251606941223,60.96251678466797,-0.5058274865150452,0.5058275461196899,0.07044744491577148,92.95525360107422,0.5290849208831787,52.90849304199219,-29.386180877685547
48,0,Vocal,6.999519348144531,-6.999518394470215,0.012246489524841309,98.77535247802734,0.16635291278362274,16.635292053222656,6.679782390594482,-6.679780960083008,0.04374140501022339,95.62586212158203,0.17681507766246796,17.681507110595703,-12.82876205444336
48,1,Bass,3.485811948776245,-3.485811710357666,0.040422022342681885,95.95779418945312,0.3094615340232849,30.94615364074707,4.141463756561279,-4.141465663909912,0.02555978298187256,97.44402313232422,0.2781599164009094,27.81599235534668,-30.122737884521484
48,2,Drums,-2.429868221282959,2.429868221282959,0.08379489183425903,91.62051391601562,0.6363363265991211,63.63363265991211,-1.8934141397476196,1.8934142589569092,0.05531221628189087,94.46878051757812,0.6072994470596313,60.72994613647461,-30.483400344848633
49,0,Vocal,11.73104190826416,-11.731040954589844,0.053077101707458496,94.69229125976562,0.0629042536020279,6.2904253005981445,12.19760513305664,-12.197614669799805,0.06412696838378906,93.5873031616211,0.05686105415225029,5.686105251312256,-12.528427124023438
49,1,Bass,-0.17091049253940582,0.17091064155101776,0.03810042142868042,96.18995666503906,0.5098371505737305,50.98371505737305,1.4851410388946533,-1.4851408004760742,0.02100229263305664,97.89977264404297,0.4153319001197815,41.5331916809082,-30.09376335144043
49,2,Drums,0.03218046948313713,-0.0321807786822319,0.07133013010025024,92.86698913574219,0.49814754724502563,49.814754486083984,1.1577696800231934,-1.1577684879302979,0.05449700355529785,94.55030059814453,0.4337453544139862,43.374534606933594,-30.351716995239258
50,0,Vocal,0.8461199998855591,-0.8461207747459412,0.019212305545806885,98.07876586914062,0.45144689083099365,45.14468765258789,0.16102522611618042,-0.16102465987205505,0.036169230937957764,96.3830795288086,0.49073174595832825,49.07317352294922,-13.395801544189453
50,1,Bass,0.16823098063468933,-0.16823092103004456,0.02597498893737793,97.40250396728516,0.49031704664230347,49.03170394897461,0.2868266999721527,-0.2868264615535736,0.023861825466156006,97.61381530761719,0.48349496722221375,48.34949493408203,-30.524869918823242
50,2,Drums,8.607728958129883,-8.607728958129883,0.05446958541870117,94.55303955078125,0.12110550701618195,12.110550880432129,8.438759803771973,-8.438759803771973,0.06531345844268799,93.4686508178711,0.1253081113100052,12.530811309814453,-30.05457878112793
51,0,Vocal,9.227862358093262,-9.227861404418945,0.008281528949737549,99.17184448242188,0.1067102700471878,10.671027183532715,9.319185256958008,-9.319185256958008,0.0261075496673584,97.38924407958984,0.1047222837805748,10.472228050231934,-12.748297691345215
51,1,Bass,-4.832009792327881,4.832009792327881,0.06376099586486816,93.6239013671875,0.7526156306266785,75.26156616210938,-4.537954807281494,4.537954807281494,0.035621583461761475,96.4378433227539,0.7397948503494263,73.97948455810547,-30.52202033996582
51,2,Drums,2.8593530654907227,-2.8593528270721436,0.04984593391418457,95.0154037475586,0.3411013185977936,34.110130310058594,2.001314163208008,-2.001314401626587,0.05401599407196045,94.59840393066406,0.3867913782596588,38.67913818359375,-30.46342658996582
52,0,Vocal,8.509401321411133,-8.509400367736816,0.0,100.0,0.12353608757257462,12.353609085083008,8.3424654006958,-8.3424654006958,0.009403407573699951,99.05966186523438,0.12775859236717224,12.775858879089355,-13.000499725341797
52,1,Bass,-5.9221720695495605,5.9221720695495605,0.017640650272369385,98.23593139648438,0.7963491082191467,79.6349105834961,-6.079887866973877,6.079887866973877,0.0,100.0,0.8021752834320068,80.217529296875,-31.591400146484375
52,2,Drums,3.6395010948181152,-3.6395010948181152,0.029245853424072266,97.0754165649414,0.30195069313049316,30.195068359375,3.294839382171631,-3.29483962059021,0.02824956178665161,97.17504119873047,0.3189362585544586,31.893625259399414,-30.80550193786621
53,0,Vocal,6.500683784484863,-6.50068473815918,0.005824148654937744,99.41758728027344,0.1828976273536682,18.289762496948242,5.67772912979126,-5.67772912979126,0.033465445041656494,96.65345764160156,0.21293140947818756,21.293140411376953,-12.719775199890137
53,1,Bass,-3.7802467346191406,3.7802467346191406,0.049105167388916016,95.08948516845703,0.7048359513282776,70.48359680175781,-2.360950469970703,2.3609509468078613,0.07163345813751221,92.83665466308594,0.6326562166213989,63.265621185302734,-30.101375579833984
53,2,Drums,5.076674461364746,-5.0766754150390625,0.055248379707336426,94.47515869140625,0.2370453029870987,23.704530715942383,11.909563064575195,-11.909561157226562,0.1659156084060669,83.40843963623047,0.060524240136146545,6.05242395401001,-23.67963409423828
54,0,Vocal,6.866357326507568,-6.866357803344727,0.020976483821868896,97.90235137939453,0.17064863443374634,17.064863204956055,6.891925811767578,-6.8919267654418945,0.029809534549713135,97.01904296875,0.1698169857263565,16.981698989868164,-12.762931823730469
54,1,Bass,3.3691978454589844,-3.369196891784668,0.05153161287307739,94.84683990478516,0.31522873044013977,31.522872924804688,4.026557445526123,-4.026556015014648,0.03489863872528076,96.51013946533203,0.2835034728050232,28.3503475189209,-30.011802673339844
54,2,Drums,-0.5433653593063354,0.5433642268180847,0.09466201066970825,90.53379821777344,0.5312378406524658,53.123783111572266,-1.3195878267288208,1.319588303565979,0.10558521747589111,89.44147491455078,0.5753825306892395,57.53825378417969,-29.973365783691406
55,0,Vocal,8.719685554504395,-8.719683647155762,0.03190869092941284,96.80912780761719,0.11838831007480621,11.838830947875977,7.979958534240723,-7.9799580574035645,0.06977075338363647,93.0229263305664,0.13735271990299225,13.735272407531738,-12.805606842041016
55,1,Bass,-3.9256203174591064,3.9256200790405273,0.07356822490692139,92.64318084716797,0.7117518186569214,71.17517852783203,-3.546243190765381,3.5462427139282227,0.001773238182067871,99.82267761230469,0.6935040354728699,69.35040283203125,-30.33397674560547
55,2,Drums,3.9546027183532715,-3.9546027183532715,0.10956084728240967,89.04391479492188,0.2868809401988983,28.688093185424805,5.2941508293151855,-5.294150352478027,0.06653386354446411,93.34661102294922,0.22810839116573334,22.81083869934082,-29.24980926513672
56,0,Vocal,5.141749382019043,-5.141750335693359,0.012113451957702637,98.78865814208984,0.23434601724147797,23.434600830078125,4.646168231964111,-4.646168231964111,0.02965325117111206,97.03467559814453,0.2554374039173126,25.54374122619629,-13.154065132141113
56,1,Bass,2.808110237121582,-2.808110475540161,0.02352851629257202,97.64714813232422,0.34375810623168945,34.37580871582031,2.937932252883911,-2.937932252883911,0.0007225871086120605,99.92774200439453,0.3370465636253357,33.704654693603516,-30.624406814575195
56,2,Drums,2.5138778686523438,-2.5138773918151855,0.049727678298950195,95.02722930908203,0.3591991662979126,35.919918060302734,3.1015610694885254,-3.101560592651367,0.04862809181213379,95.13719177246094,0.3286801278591156,32.868011474609375,-30.262025833129883
57,0,Vocal,4.067970275878906,-4.0679707527160645,0.050882041454315186,94.91179656982422,0.2815704941749573,28.15704917907715,4.656820774078369,-4.656820774078369,0.06926298141479492,93.07369995117188,0.25497114658355713,25.497114181518555,-11.520318031311035
57,1,Bass,-4.041969299316406,4.041969299316406,0.1385173797607422,86.14826202392578,0.7172168493270874,71.72168731689453,-3.6619136333465576,3.6619133949279785,0.06462234258651733,93.53776550292969,0.699135959148407,69.9135971069336,-30.24403953552246
57,2,Drums,7.8989176750183105,-7.898917198181152,0.04814225435256958,95.18577575683594,0.13957877457141876,13.957877159118652,6.192032814025879,-6.192033767700195,0.05739670991897583,94.26033020019531,0.19375889003276825,19.37588882446289,-30.249011993408203
58,0,Vocal,18.43153953552246,-18.43153190612793,0.037837445735931396,96.21625518798828,0.014146828092634678,1.4146828651428223,17.85926055908203,-17.859264373779297,0.06279599666595459,93.72039794921875,0.01610724627971649,1.610724687576294,-13.003914833068848
58,1,Bass,-1.0169129371643066,1.0169135332107544,0.08029335737228394,91.97066497802734,0.5582722425460815,55.82722473144531,-0.7945963740348816,0.7945961356163025,0.08981490135192871,91.01850891113281,0.5456134676933289,54.56134796142578,-29.965734481811523
58,2,Drums,-4.6466498374938965,4.6466498374938965,0.20451951026916504,79.54804992675781,0.7445837259292603,74.4583740234375,-3.2442965507507324,3.2442963123321533,0.1803932785987854,81.9606704711914,0.6785305142402649,67.8530502319336,-29.259525299072266
59,0,Vocal,9.674886703491211,-9.674884796142578,0.004100382328033447,99.58995819091797,0.09728829562664032,9.728829383850098,9.404943466186523,-9.40494441986084,0.012158632278442383,98.78413391113281,0.10288538038730621,10.288537979125977,-12.855744361877441
59,1,Bass,-5.784306049346924,5.784306526184082,0.022706985473632812,97.72930145263672,0.7911523580551147,79.115234375,-4.773121356964111,4.773121356964111,0.024635136127471924,97.53648376464844,0.7500823736190796,75.00823974609375,-30.058794021606445
59,2,Drums,3.26802134513855,-3.26802134513855,0.020454585552215576,97.95454406738281,0.320279061794281,32.02790451049805,3.4490535259246826,-3.4490535259246826,0.02766585350036621,97.23341369628906,0.3112731873989105,31.1273193359375,-30.628847122192383
60,0,Vocal,8.993785858154297,-8.993783950805664,0.0068100690841674805,99.3189926147461,0.11195801943540573,11.195801734924316,10.340167999267578,-10.340174674987793,0.0,100.0,0.08463988453149796,8.463988304138184,-13.46692943572998
60,1,Bass,1.388512134552002,-1.388512372970581,0.07074075937271118,92.9259262084961,0.42074477672576904,42.07447814941406,3.6456198692321777,-3.6456198692321777,0.030395150184631348,96.96048736572266,0.30165380239486694,30.165380477905273,-29.128856658935547
60,2,Drums,-1.722827672958374,1.7228280305862427,0.1311231255531311,86.88768768310547,0.5978935360908508,59.78935241699219,-1.3446221351623535,1.3446217775344849,0.07422548532485962,92.57745361328125,0.5767902135848999,57.679019927978516,-29.556665420532227
61,0,Vocal,10.235949516296387,-10.235949516296387,0.003132462501525879,99.68675231933594,0.08651778101921082,8.651778221130371,11.009513854980469,-11.009516716003418,0.009696125984191895,99.03038787841797,0.07343835383653641,7.343835353851318,-12.509922981262207
61,1,Bass,0.6429740786552429,-0.6429743766784668,0.008374989032745361,99.1624984741211,0.463054895401001,46.30548858642578,1.5333188772201538,-1.5333185195922852,0.011110067367553711,98.88899230957031,0.41264066100120544,41.26406478881836,-30.237916946411133
61,2,Drums,-4.03503942489624,4.035038471221924,0.019954025745391846,98.00460052490234,0.7168930768966675,71.6893081665039,-3.9934701919555664,3.9934701919555664,0.02902883291244507,97.09711456298828,0.7149463891983032,71.49463653564453,-30.75732421875
62,0,Vocal,13.035280227661133,-13.035289764404297,0.003309190273284912,99.66908264160156,0.047358810901641846,4.7358808517456055,13.270721435546875,-13.270720481872559,0.017964303493499756,98.20356750488281,0.04497218504548073,4.497218608856201,-12.262800216674805
62,1,Bass,-4.43648624420166,4.43648624420166,0.018191874027252197,98.1808090209961,0.735272228717804,73.5272216796875,-4.951605319976807,4.951606273651123,0.016896367073059082,98.31036376953125,0.7577070593833923,75.77070617675781,-30.916587829589844
62,2,Drums,-4.3044114112854,4.304410934448242,0.030665338039398193,96.93346405029297,0.7293105125427246,72.9310531616211,-3.4107279777526855,3.4107284545898438,0.03272825479507446,96.7271728515625,0.6868318319320679,68.68318176269531,-28.91489028930664
63,0,Vocal,9.453044891357422,-9.453044891357422,0.009263813495635986,99.07361602783203,0.10186757892370224,10.186758041381836,9.693943977355957,-9.693940162658691,0.017772257328033447,98.22277069091797,0.09690357744693756,9.69035816192627,-12.743494033813477
63,1,Bass,-12.93602180480957,12.93602180480957,0.06971496343612671,93.02850341796875,0.9515992403030396,95.15992736816406,-11.909988403320312,11.909988403320312,0.03991919755935669,96.0080795288086,0.9394813179969788,93.94813537597656,-30.223526000976562
63,2,Drums,5.576566696166992,-5.576565742492676,0.058657944202423096,94.13420867919922,0.2168613225221634,21.686132431030273,6.50190544128418,-6.50190544128418,0.05631566047668457,94.3684310913086,0.18285562098026276,18.28556251525879,-30.08254051208496
64,0,Vocal,4.386051177978516,-4.386050701141357,0.005632638931274414,99.43673706054688,0.266994446516037,26.699443817138672,3.6863842010498047,-3.6863837242126465,0.029087543487548828,97.09124755859375,0.2996802031993866,29.968019485473633,-13.382807731628418
64,1,Bass,5.957793712615967,-5.957793235778809,0.023310959339141846,97.66890716552734,0.20232391357421875,20.232391357421875,5.6240339279174805,-5.624032974243164,0.013364434242248535,98.66355895996094,0.21501080691814423,21.501081466674805,-30.819990158081055
64,2,Drums,-1.9188997745513916,1.9188990592956543,0.042235493659973145,95.77645111083984,0.6086980700492859,60.869808197021484,-1.3985811471939087,1.3985815048217773,0.02897876501083374,97.10212707519531,0.5798201560974121,57.982017517089844,-29.94411849975586
65,0,Vocal,5.5779595375061035,-5.5779595375061035,0.007387101650238037,99.26129150390625,0.2168068289756775,21.680683135986328,4.378670692443848,-4.378669738769531,0.03437459468841553,96.56253814697266,0.2673271596431732,26.732715606689453,-12.304303169250488
65,1,Bass,-5.398477554321289,5.398477554321289,0.026733994483947754,97.32659912109375,0.7760936617851257,77.60936737060547,-4.499505043029785,4.499505519866943,0.042361557483673096,95.76384735107422,0.738086998462677,73.80870056152344,-30.147314071655273
65,2,Drums,7.700345039367676,-7.700345516204834,0.022070229053497314,97.79297637939453,0.1451609581708908,14.516096115112305,11.24507999420166,-11.245078086853027,0.03441435098648071,96.55856323242188,0.06983190774917603,6.983190536499023,-26.41936683654785
66,0,Vocal,9.270853996276855,-9.270854949951172,0.007012665271759033,99.29873657226562,0.10577027499675751,10.577027320861816,8.380807876586914,-8.380805969238281,0.047569990158081055,95.24300384521484,0.1267779916524887,12.677799224853516,-13.125577926635742
66,1,Bass,-1.5163153409957886,1.51631498336792,0.12383252382278442,87.61674499511719,0.5864101052284241,58.64101028442383,0.05171135067939758,-0.05171152204275131,0.0609515905380249,93.90483856201172,0.4970233142375946,49.70233154296875,-28.959178924560547
66,2,Drums,2.796722650527954,-2.796722412109375,0.11096084117889404,88.90391540527344,0.3443499207496643,34.434993743896484,5.305627822875977,-5.30562686920166,0.07226550579071045,92.77345275878906,0.2276434302330017,22.76434326171875,-27.910869598388672
67,0,Vocal,3.622434377670288,-3.622434616088867,0.017185866832733154,98.28141021728516,0.3027796447277069,30.277963638305664,3.0501606464385986,-3.0501608848571777,0.05483043193817139,94.51696014404297,0.3312968611717224,33.12968444824219,-12.754937171936035
67,1,Bass,1.3763511180877686,-1.376350998878479,0.05467730760574341,94.53227233886719,0.4214273989200592,42.142738342285156,2.028170585632324,-2.028170585632324,0.0439906120300293,95.60093688964844,0.38532575964927673,38.53257751464844,-30.47549057006836
67,2,Drums,5.199113368988037,-5.199113845825195,0.05880469083786011,94.1195297241211,0.23198434710502625,23.198434829711914,4.317901134490967,-4.317900657653809,0.055156409740448,94.48435974121094,0.2700766921043396,27.00766944885254,-31.359416961669922
68,0,Vocal,8.455024719238281,-8.455023765563965,0.0041272640228271484,99.58727264404297,0.12489821016788483,12.489821434020996,7.978167533874512,-7.978167533874512,0.023372411727905273,97.66275787353516,0.13740164041519165,13.740163803100586,-13.048120498657227
68,1,Bass,-2.1019046306610107,2.1019039154052734,0.051238059997558594,94.87619018554688,0.6186875700950623,61.86875534057617,-1.2451021671295166,1.245101809501648,0.05675697326660156,94.32430267333984,0.571186900138855,57.118690490722656,-30.335704803466797
68,2,Drums,2.6595096588134766,-2.6595096588134766,0.08177381753921509,91.82261657714844,0.3515177071094513,35.151771545410156,2.464209794998169,-2.464210033416748,0.10224902629852295,89.77510070800781,0.3618357479572296,36.18357467651367,-29.778717041015625
69,0,Vocal,22.12154197692871,-22.121540069580078,0.06731516122817993,93.26848602294922,0.006098058540374041,0.6098058819770813,22.61310577392578,-22.613048553466797,0.058858633041381836,94.1141357421875,0.005449013784527779,0.5449013710021973,-12.589831352233887
69,1,Bass,-12.251703262329102,12.251703262329102,0.08940136432647705,91.05986022949219,0.9438032507896423,94.38032531738281,-13.226104736328125,13.226106643676758,0.05676257610321045,94.32374572753906,0.954584538936615,95.45845031738281,-30.67409324645996
69,2,Drums,1.0225825309753418,-1.0225813388824463,0.08719062805175781,91.28093719482422,0.44140589237213135,44.14059066772461,-0.8387880921363831,0.8387879133224487,0.1372288465499878,86.27711486816406,0.548134982585907,54.813499450683594,-29.819499969482422
70,0,Vocal,5.70836067199707,-5.708362579345703,0.0046149492263793945,99.53850555419922,0.21175171434879303,21.1751708984375,4.823365688323975,-4.823367118835449,0.03992360830307007,96.00763702392578,0.24775511026382446,24.775510787963867,-13.079839706420898
70,1,Bass,5.667790412902832,-5.667790412902832,0.028002142906188965,97.19978332519531,0.21331515908241272,21.33151626586914,5.839690208435059,-5.839691638946533,0.034779131412506104,96.52208709716797,0.20674830675125122,20.67483139038086,-30.360313415527344
70,2,Drums,-4.315717697143555,4.315717697143555,0.1020616888999939,89.79383087158203,0.7298241853713989,72.982421875,-4.468170166015625,4.468170642852783,0.08709341287612915,91.29065704345703,0.7366898655891418,73.66898345947266,-30.264976501464844
71,0,Vocal,8.069857597351074,-8.069856643676758,0.004272878170013428,99.57271575927734,0.1349184811115265,13.49184799194336,7.35459566116333,-7.354595184326172,0.032107770442962646,96.78922271728516,0.1553216427564621,15.532164573669434,-13.328617095947266
71,1,Bass,2.424501895904541,-2.4245011806488037,0.031032204627990723,96.89678192138672,0.36394965648651123,36.39496612548828,3.5142455101013184,-3.5142459869384766,0.017744123935699463,98.2255859375,0.30806419253349304,30.806419372558594,-30.166824340820312
71,2,Drums,-1.9364960193634033,1.9364960193634033,0.08145898580551147,91.8541030883789,0.6096627116203308,60.966270446777344,-0.9144439697265625,0.9144439697265625,0.05576390027999878,94.4236068725586,0.5524460077285767,55.24460220336914,-29.77471160888672
72,0,Vocal,7.983646869659424,-7.983647346496582,0.06191515922546387,93.80848693847656,0.13725215196609497,13.725214958190918,7.974724292755127,-7.974727630615234,0.05675220489501953,94.32478332519531,0.13749556243419647,13.749556541442871,-13.201714515686035
72,1,Bass,3.638317108154297,-3.638317584991455,0.002373039722442627,99.7626953125,0.30200818181037903,30.20081901550293,3.355071544647217,-3.355071783065796,0.0,100.0,0.3159312307834625,31.593122482299805,-31.085664749145508
72,2,Drums,1.4291638135910034,-1.4291644096374512,0.010519981384277344,98.947998046875,0.41846519708633423,41.846519470214844,1.836460828781128,-1.836460828781128,0.030924499034881592,96.90754699707031,0.3958323895931244,39.5832405090332,-30.107301712036133
73,0,Vocal,6.501704216003418,-6.501704216003418,0.02851313352584839,97.14868927001953,0.1828625202178955,18.286251068115234,6.501505374908447,-6.501504898071289,0.040356457233428955,95.96435546875,0.18286941945552826,18.286941528320312,-12.413862228393555
73,1,Bass,0.20281386375427246,-0.20281367003917694,0.07082319259643555,92.91767883300781,0.4883272349834442,48.83272171020508,2.083308696746826,-2.083308458328247,0.05418151617050171,94.58184814453125,0.38232308626174927,38.23230743408203,-29.06406021118164
73,2,Drums,2.910491943359375,-2.910491943359375,0.06498491764068604,93.50151062011719,0.3384597897529602,33.845977783203125,2.038321018218994,-2.038320302963257,0.09251266717910767,90.74873352050781,0.38477233052253723,38.47723388671875,-29.457231521606445
74,0,Vocal,13.515109062194824,-13.515108108520508,0.012567102909088135,98.7432861328125,0.04261625185608864,4.261625289916992,13.694819450378418,-13.694816589355469,0.0454828143119812,95.45172119140625,0.04095958173274994,4.095958232879639,-11.834428787231445
74,1,Bass,-9.472918510437012,9.472918510437012,0.07158631086349487,92.84136962890625,0.8985503315925598,89.85503387451172,-7.157336235046387,7.157337188720703,0.08670318126678467,91.32968139648438,0.8386256694793701,83.86256408691406,-28.672924041748047
74,2,Drums,-0.5602186918258667,0.5602182745933533,0.0847616195678711,91.52383422851562,0.5322040915489197,53.22040939331055,1.3630445003509521,-1.3630443811416626,0.06007164716720581,93.99283599853516,0.4221746623516083,42.217464447021484,-27.989179611206055
75,0,Vocal,25.546031951904297,-25.54600715637207,0.117992103099823,88.20079040527344,0.0027809948660433292,0.2780994772911072,24.320865631103516,-24.320890426635742,0.1552174687385559,84.47825622558594,0.0036838995292782784,0.36838996410369873,-14.023661613464355
75,1,Bass,1.472547173500061,-1.472547173500061,0.027657806873321533,97.23422241210938,0.4160362780094147,41.6036262512207,2.3072867393493652,-2.307286262512207,0.003986656665802002,99.60133361816406,0.37022021412849426,37.02202224731445,-29.73365592956543
75,2,Drums,-2.700016736984253,2.700016736984253,0.08545088768005371,91.45491027832031,0.6506054997444153,65.060546875,-1.754636526107788,1.7546356916427612,0.059513092041015625,94.04869079589844,0.5996530652046204,59.96530532836914,-30.057355880737305
76,0,Vocal,7.051247596740723,-7.051246643066406,0.0033548474311828613,99.66451263427734,0.16470769047737122,16.47076988220215,6.846067905426025,-6.846066474914551,0.024028480052947998,97.59715270996094,0.1713108867406845,17.131088256835938,-12.90695571899414
76,1,Bass,3.7355589866638184,-3.7355592250823975,0.012316465377807617,98.76835632324219,0.29730919003486633,29.730918884277344,3.5403990745544434,-3.540397882461548,0.02408665418624878,97.5913314819336,0.306782066822052,30.678207397460938,-30.34844970703125
76,2,Drums,-4.567561626434326,4.567561626434326,0.05094057321548462,94.90594482421875,0.7411050200462341,74.11050415039062,-3.5805163383483887,3.580516815185547,0.054702699184417725,94.52973175048828,0.6951789259910583,69.51789093017578,-30.166500091552734
77,0,Vocal,8.875106811523438,-8.875106811523438,0.018641769886016846,98.13582611083984,0.11470380425453186,11.470380783081055,10.059814453125,-10.059815406799316,0.025238037109375,97.4761962890625,0.08977720886468887,8.977721214294434,-11.723752975463867
77,1,Bass,-2.9973196983337402,2.9973196983337402,0.03747093677520752,96.2529067993164,0.6660021543502808,66.60021209716797,-2.3822216987609863,2.3822219371795654,0.025124847888946533,97.48751831054688,0.6337937712669373,63.37937545776367,-29.913923263549805
77,2,Drums,2.0134739875793457,-2.0134737491607666,0.050205767154693604,94.97942352294922,0.3861275315284729,38.612754821777344,0.965681791305542,-0.9656816124916077,0.09315228462219238,90.68476867675781,0.44463878870010376,44.4638786315918,-29.695858001708984
78,0,Vocal,3.4929466247558594,-3.4929463863372803,0.017714321613311768,98.22856903076172,0.3091105818748474,30.91105842590332,2.6105525493621826,-2.6105520725250244,0.04012233018875122,95.9877700805664,0.35409167408943176,35.4091682434082,-13.058709144592285
78,1,Bass,7.132288932800293,-7.132287979125977,0.03417748212814331,96.5822525024414,0.16215640306472778,16.215641021728516,8.337129592895508,-8.337129592895508,0.028259694576263428,97.17403411865234,0.12789557874202728,12.789557456970215,-30.347923278808594
78,2,Drums,-1.499396562576294,1.4993959665298462,0.08137261867523193,91.86273956298828,0.5854649543762207,58.54649353027344,-2.025815963745117,2.025815963745117,0.08562660217285156,91.43733978271484,0.6145458221435547,61.45458221435547,-30.04757308959961
79,0,Vocal,10.583114624023438,-10.583114624023438,0.06089299917221069,93.91069793701172,0.08040536940097809,8.040536880493164,10.127700805664062,-10.127704620361328,0.08709776401519775,91.29022216796875,0.0885080024600029,8.850800514221191,-13.046663284301758
79,1,Bass,2.251234769821167,-2.251234531402588,0.02790290117263794,97.20970916748047,0.37323442101478577,37.32344055175781,3.6884446144104004,-3.6884446144104004,0.01799309253692627,98.20069122314453,0.2995806336402893,29.95806312561035,-29.843400955200195
79,2,Drums,-2.3569271564483643,2.3569276332855225,0.08434563875198364,91.56543731689453,0.6324408650398254,63.24408721923828,-2.061380386352539,2.061380386352539,0.07724201679229736,92.27579498291016,0.6164838075637817,61.648380279541016,-29.75551414489746
80,0,Vocal,6.2233686447143555,-6.223367691040039,0.01109766960144043,98.8902359008789,0.1926342397928238,19.263423919677734,6.036594390869141,-6.036594390869141,0.028706729412078857,97.12932586669922,0.19941137731075287,19.941137313842773,-13.024087905883789
80,1,Bass,2.011521577835083,-2.011521100997925,0.02437591552734375,97.56240844726562,0.3862341046333313,38.623409271240234,3.397459030151367,-3.397459030151367,0.017919719219207764,98.2080307006836,0.3138257563114166,31.38257598876953,-30.525997161865234
80,2,Drums,0.9263738989830017,-0.9263732433319092,0.041163086891174316,95.8836898803711,0.4468749463558197,44.687496185302734,0.9934053421020508,-0.993405282497406,0.04486888647079468,95.51311492919922,0.44306302070617676,44.30630111694336,-30.47088050842285
81,0,Vocal,5.988397121429443,-5.988397121429443,0.0751376748085022,92.4862289428711,0.2011890560388565,20.118906021118164,8.621052742004395,-8.621049880981445,0.1126055121421814,88.73944854736328,0.12077935039997101,12.077935218811035,-9.868144035339355
81,1,Bass,1.6080777645111084,-1.6080782413482666,0.14970755577087402,85.02924346923828,0.4084748923778534,40.84748840332031,4.428736686706543,-4.428737163543701,0.027243077754974365,97.27569580078125,0.2650752663612366,26.507526397705078,-28.5758113861084
81,2,Drums,5.546416282653809,-5.546415328979492,0.07386279106140137,92.61372375488281,0.21804270148277283,21.804269790649414,1.7519423961639404,-1.7519421577453613,0.08106982707977295,91.89302062988281,0.40049582719802856,40.049583435058594,-29.795690536499023
82,0,Vocal,7.641473770141602,-7.641473293304443,0.011625468730926514,98.83745574951172,0.14685116708278656,14.6851167678833,8.125591278076172,-8.125592231750488,0.02402210235595703,97.59779357910156,0.13342760503292084,13.34276008605957,-12.400882720947266
82,1,Bass,0.869432806968689,-0.8694324493408203,0.033630311489105225,96.63697052001953,0.45011791586875916,45.01179122924805,1.6833471059799194,-1.683346152305603,0.02156507968902588,97.84349060058594,0.4042940139770508,40.42940139770508,-30.19145965576172
82,2,Drums,-0.05414188280701637,0.05414227023720741,0.045402705669403076,95.45973205566406,0.5031166672706604,50.311668395996094,-1.0028923749923706,1.0028921365737915,0.047335267066955566,95.26647186279297,0.5574759244918823,55.74759292602539,-30.82940673828125
83,0,Vocal,6.079525470733643,-6.079524993896484,0.027024924755096436,97.2975082397461,0.1978379338979721,19.78379249572754,5.533309459686279,-5.533308982849121,0.04264885187149048,95.73511505126953,0.218557670712471,21.85576629638672,-13.025585174560547
83,1,Bass,-3.7034173011779785,3.7034168243408203,0.10794299840927124,89.20570373535156,0.7011422514915466,70.11422729492188,-2.3930296897888184,2.3930301666259766,0.049624621868133545,95.03753662109375,0.6343711614608765,63.43711471557617,-30.05824851989746
83,2,Drums,5.323305130004883,-5.323305130004883,0.0691271424293518,93.08728790283203,0.22692856192588806,22.692855834960938,4.389396667480469,-4.389396667480469,0.08558636903762817,91.44136047363281,0.2668437063694,26.684370040893555,-29.871538162231445
84,0,Vocal,18.396209716796875,-18.396194458007812,0.043105363845825195,95.68946075439453,0.014260761439800262,1.4260761737823486,19.073993682861328,-19.073978424072266,0.057434022426605225,94.25659942626953,0.012225273065268993,1.222527265548706,-12.034523010253906
84,1,Bass,-6.698190689086914,6.698191165924072,0.029635250568389893,97.0364761352539,0.8238010406494141,82.3801040649414,-6.464919567108154,6.4649200439453125,0.024077177047729492,97.59228515625,0.8158684372901917,81.58684539794922,-30.826690673828125
84,2,Drums,-2.570042133331299,2.570042133331299,0.02408885955810547,97.59111022949219,0.6437720656394958,64.37720489501953,-2.1700003147125244,2.1700003147125244,0.0,100.0,0.6223796606063843,62.23796463012695,-30.289047241210938
85,0,Vocal,10.43773078918457,-10.437731742858887,0.0037633180618286133,99.62366485595703,0.08291561156511307,8.291561126708984,10.665945053100586,-10.665945053100586,0.06489455699920654,93.51054382324219,0.07900641113519669,7.900640964508057,-11.772063255310059
85,1,Bass,-0.19091056287288666,0.19091153144836426,0.026567578315734863,97.3432388305664,0.5109879374504089,51.098793029785156,1.3610930442810059,-1.3610930442810059,0.018875300884246826,98.11247253417969,0.4222842752933502,42.22842788696289,-29.527080535888672
85,2,Drums,-4.3795166015625,4.3795166015625,0.045080721378326416,95.49192810058594,0.7327110171318054,73.27110290527344,-3.311910390853882,3.3119101524353027,0.05294400453567505,94.70559692382812,0.6819169521331787,68.19169616699219,-29.280227661132812
86,0,Vocal,8.416281700134277,-8.416282653808594,0.007467448711395264,99.25325775146484,0.12587648630142212,12.587648391723633,7.7027363777160645,-7.7027363777160645,0.03970682621002197,96.0293197631836,0.1450926661491394,14.50926685333252,-12.820435523986816
86,1,Bass,-0.17239484190940857,0.17239516973495483,0.057143211364746094,94.28567504882812,0.5099225640296936,50.99225616455078,0.9060662984848022,-0.9060662984848022,0.035930514335632324,96.40695190429688,0.4480310082435608,44.8031005859375,-30.30332374572754
86,2,Drums,0.38536337018013,-0.38536322116851807,0.07708162069320679,92.29183959960938,0.47783127427101135,47.78312683105469,1.622846245765686,-1.6228458881378174,0.04344379901885986,95.6556167602539,0.4076535403728485,40.76535415649414,-29.034223556518555
87,0,Vocal,4.36329460144043,-4.3632941246032715,0.0070015788078308105,99.29984283447266,0.26802119612693787,26.802120208740234,2.3920981884002686,-2.3920981884002686,0.07414263486862183,92.58573913574219,0.365678608417511,36.5678596496582,-12.983565330505371
87,1,Bass,2.853511333465576,-2.853510856628418,0.05300259590148926,94.69973754882812,0.34140369296073914,34.1403694152832,6.001555442810059,-6.001554489135742,0.14393794536590576,85.60620880126953,0.20070257782936096,20.07025718688965,-27.43374252319336
87,2,Drums,3.3228845596313477,-3.322885036468506,0.06778472661972046,93.22152709960938,0.3175351321697235,31.75351333618164,3.8292102813720703,-3.8292102813720703,0.029377996921539307,97.06220245361328,0.2928239405155182,29.282394409179688,-29.62425994873047
88,0,Vocal,3.365042209625244,-3.3650424480438232,0.02962440252304077,97.03755950927734,0.3154352605342865,31.54352569580078,1.9227590560913086,-1.9227594137191772,0.050675034523010254,94.9324951171875,0.3910902440547943,39.10902404785156,-13.12418270111084
88,1,Bass,7.232964038848877,-7.232964515686035,0.05080878734588623,94.91912078857422,0.15903158485889435,15.903158187866211,8.476186752319336,-8.47618579864502,0.027444958686828613,97.25550079345703,0.12436658889055252,12.43665885925293,-29.528268814086914
88,2,Drums,-1.6060874462127686,1.6060874462127686,0.09007221460342407,90.9927749633789,0.5914143323898315,59.14143371582031,-6.264594078063965,6.264593601226807,0.08942800760269165,91.05719757080078,0.8088377714157104,80.88377380371094,-29.54446029663086
89,0,Vocal,9.827781677246094,-9.827780723571777,0.028723478317260742,97.12765502929688,0.09424000233411789,9.423999786376953,8.789773941040039,-8.789775848388672,0.05725741386413574,94.27426147460938,0.11671427637338638,11.671427726745605,-13.287318229675293
89,1,Bass,2.2197036743164062,-2.219702959060669,0.03512495756149292,96.48750305175781,0.3749343752861023,37.493438720703125,4.44700288772583,-4.447003364562988,0.03104621171951294,96.89537811279297,0.26425668597221375,26.425668716430664,-28.508411407470703
89,2,Drums,-4.014810562133789,4.014810085296631,0.07871067523956299,92.1289291381836,0.7159467339515686,71.59467315673828,-3.5813281536102295,3.5813281536102295,0.07927721738815308,92.07228088378906,0.6952185034751892,69.5218505859375,-28.819717407226562
90,0,Vocal,4.5455451011657715,-4.545546531677246,0.017743289470672607,98.22566986083984,0.2598688006401062,25.986879348754883,2.710240364074707,-2.710239887237549,0.08697766065597534,91.30223083496094,0.3488595485687256,34.885955810546875,-13.004426002502441
90,1,Bass,1.1706422567367554,-1.1706418991088867,0.05211406946182251,94.78858947753906,0.4330174922943115,43.30175018310547,2.5355565547943115,-2.5355565547943115,0.032223284244537354,96.77767181396484,0.35805100202560425,35.80509948730469,-29.516738891601562
90,2,Drums,4.339932441711426,-4.339932441711426,0.035632193088531494,96.43678283691406,0.2690778374671936,26.90778350830078,4.959738731384277,-4.959738254547119,0.03881794214248657,96.11820220947266,0.24194930493831635,24.194931030273438,-29.224857330322266
91,0,Vocal,12.298383712768555,-12.298381805419922,0.028919339179992676,97.10806274414062,0.05562939494848251,5.562939643859863,14.576539993286133,-14.576528549194336,0.04733431339263916,95.26657104492188,0.03368715941905975,3.36871600151062,-10.789705276489258
91,1,Bass,-0.5432732105255127,0.5432737469673157,0.05132800340652466,94.86720275878906,0.5312325954437256,53.123260498046875,0.4707781970500946,-0.47077763080596924,0.03692048788070679,96.30795288085938,0.4729263484477997,47.292633056640625,-30.125293731689453
91,2,Drums,-4.955942630767822,4.9559431076049805,0.18291670083999634,81.70832824707031,0.7578903436660767,75.78903198242188,-4.487557411193848,4.487557888031006,0.15971249341964722,84.02874755859375,0.7375548481941223,73.75548553466797,-30.257190704345703
92,0,Vocal,6.780078411102295,-6.780078411102295,0.02394765615463257,97.60523223876953,0.17347878217697144,17.347877502441406,6.57942533493042,-6.579424858093262,0.043154895305633545,95.68450927734375,0.1802036315202713,18.020362854003906,-12.769683837890625
92,1,Bass,-0.3388006091117859,0.338800847530365,0.061553120613098145,93.84468841552734,0.519493043422699,51.949302673339844,0.21752095222473145,-0.2175210416316986,0.06943303346633911,93.05669403076172,0.48748111724853516,48.748111724853516,-30.128841400146484
92,2,Drums,3.513171911239624,-3.513171434402466,0.13654345273971558,86.34565734863281,0.30811697244644165,30.811697006225586,4.712335586547852,-4.712335586547852,0.10482120513916016,89.51788330078125,0.25255054235458374,25.255054473876953,-29.48273277282715
93,0,Vocal,9.774728775024414,-9.774728775024414,0.01230853796005249,98.76914978027344,0.09528790414333344,9.528790473937988,9.811287879943848,-9.811288833618164,0.021095991134643555,97.8904037475586,0.09456457942724228,9.45645809173584,-12.661802291870117
93,1,Bass,2.1858296394348145,-2.1858294010162354,0.04746955633163452,95.25304412841797,0.37676408886909485,37.67641067504883,1.8981804847717285,-1.8981801271438599,0.03591728210449219,96.40827178955078,0.3924388587474823,39.2438850402832,-30.98198127746582
93,2,Drums,-6.1934003829956055,6.1934003829956055,0.11026585102081299,88.9734115600586,0.8062902688980103,80.6290283203125,-6.028908729553223,6.028908729553223,0.1066281795501709,89.3371810913086,0.8003059029579163,80.03059387207031,-30.586397171020508
94,0,Vocal,12.09358024597168,-12.09357738494873,0.0075089335441589355,99.24910736083984,0.05815937742590904,5.815937519073486,12.157540321350098,-12.157540321350098,0.019366085529327393,98.06339263916016,0.05735783278942108,5.735783100128174,-12.754517555236816
94,1,Bass,-25.98889923095703,25.98889923095703,0.06308257579803467,93.69174194335938,0.9974880218505859,99.7488021850586,-24.604291915893555,24.604293823242188,0.09325265884399414,90.67473602294922,0.9965479969978333,99.65480041503906,-30.48761558532715
94,2,Drums,0.14705471694469452,-0.14705435931682587,0.022864699363708496,97.71353149414062,0.4915356934070587,49.153568267822266,0.7813209295272827,-0.7813215255737305,0.038306474685668945,96.16934967041016,0.4551444351673126,45.514442443847656,-29.93678092956543
95,0,Vocal,8.821538925170898,-8.821538925170898,0.0034032464027404785,99.65967559814453,0.11596234887838364,11.596235275268555,8.77698802947998,-8.776987075805664,0.014085769653320312,98.59142303466797,0.11701811850070953,11.701811790466309,-12.954615592956543
95,1,Bass,-15.984296798706055,15.984296798706055,0.038809895515441895,96.11901092529297,0.9754100441932678,97.54100799560547,-14.537857055664062,14.537857055664062,0.05370110273361206,94.62989044189453,0.966021716594696,96.6021728515625,-29.98294448852539
95,2,Drums,4.386589527130127,-4.386589527130127,0.021427452564239502,97.85725402832031,0.266970157623291,26.6970157623291,5.490147590637207,-5.490147590637207,0.04257035255432129,95.74296569824219,0.22025981545448303,22.025981903076172,-29.55293083190918
96,0,Vocal,12.341614723205566,-12.341614723205566,0.020631611347198486,97.93683624267578,0.05510876327753067,5.510876178741455,13.020111083984375,-13.020110130310059,0.036132097244262695,96.38678741455078,0.047516725957393646,4.751672744750977,-11.91916275024414
96,1,Bass,-2.0417346954345703,2.0417349338531494,0.0886610746383667,91.13389587402344,0.6154137849807739,61.541378021240234,-3.6182191371917725,3.6182198524475098,0.0493202805519104,95.0679702758789,0.6970154643058777,69.70154571533203,-29.90413475036621
96,2,Drums,0.4382016956806183,-0.43820178508758545,0.10598695278167725,89.40130615234375,0.47479644417762756,47.479644775390625,-2.1407155990600586,2.1407155990600586,0.11226195096969604,88.7738037109375,0.6207935810089111,62.0793571472168,-29.881471633911133
97,0,Vocal,22.17426109313965,-22.17424201965332,0.07514393329620361,92.48560333251953,0.006024916190654039,0.6024916172027588,21.245271682739258,-21.24532699584961,0.10974836349487305,89.02516174316406,0.007451164536178112,0.7451164722442627,-13.49368667602539
97,1,Bass,-0.6454418897628784,0.6454419493675232,0.0638347864151001,93.61652374267578,0.5370863676071167,53.70863723754883,0.7857609987258911,-0.785760760307312,0.059166550636291504,94.08334350585938,0.4548909366130829,45.48909378051758,-29.70572853088379
97,2,Drums,-4.15292501449585,4.15292501449585,0.07756179571151733,92.24382019042969,0.7223696112632751,72.2369613647461,-3.4568285942077637,3.4568285942077637,0.060434937477111816,93.95650482177734,0.689110517501831,68.91104888916016,-30.03608512878418
98,0,Vocal,8.382795333862305,-8.382796287536621,0.0,100.0,0.1267273724079132,12.672737121582031,8.218774795532227,-8.218775749206543,0.016030192375183105,98.39698028564453,0.1309661865234375,13.09661865234375,-12.99903392791748
98,1,Bass,-4.912200927734375,4.912200927734375,0.011967897415161133,98.80320739746094,0.7560374140739441,75.60374450683594,-4.375432968139648,4.375432968139648,0.015803158283233643,98.41968536376953,0.7325267791748047,73.25267791748047,-30.34304428100586
98,2,Drums,3.0516724586486816,-3.0516722202301025,0.02619326114654541,97.38067626953125,0.33121973276138306,33.12197494506836,2.9684903621673584,-2.9684906005859375,0.02643740177154541,97.35626220703125,0.3354761004447937,33.547611236572266,-30.420429229736328
99,0,Vocal,-1.4655674695968628,1.4655674695968628,0.012021481990814209,98.7978515625,0.5835732221603394,58.357322692871094,-1.7108676433563232,1.7108672857284546,0.03534400463104248,96.4655990600586,0.5972312688827515,59.72312545776367,-12.905216217041016
99,1,Bass,8.11738395690918,-8.11738395690918,0.0662316083908081,93.37683868408203,0.13364626467227936,13.36462688446045,8.48779582977295,-8.48779582977295,0.07633578777313232,92.36642456054688,0.1240757554769516,12.407575607299805,-30.049028396606445
99,2,Drums,3.104705572128296,-3.1047046184539795,0.01619774103164673,98.3802261352539,0.32852038741111755,32.8520393371582,2.1543052196502686,-2.1543052196502686,0.06076526641845703,93.92347717285156,0.3784700334072113,37.84700393676758,-30.280139923095703
